customer_id,age,gender,city,travel_frequency,travel_type,past_claims,loyalty_score,risk_score,segment,frequency_score,value_score,customer_score
CUST_1,65,Male,Mumbai,2,Business,1,47,51,-1,0.06666666666666667,0.47,0.1743333333333333
CUST_2,36,Female,Delhi,8,Business,1,82,28,-1,0.26666666666666666,0.82,0.3793333333333333
CUST_3,49,Female,Pune,2,Seasonal,1,83,34,-1,0.06666666666666667,0.83,0.2823333333333333
CUST_4,57,Female,Pune,3,Business,1,14,18,-1,0.1,0.14,0.092
CUST_5,47,Male,Mumbai,0,Seasonal,0,16,51,-1,0.0,0.16,0.248
CUST_6,44,Female,Delhi,1,Seasonal,2,66,84,-1,0.03333333333333333,0.66,0.014666666666666661
CUST_7,26,Female,Pune,2,Personal,2,42,77,-1,0.06666666666666667,0.42,-0.040666666666666684
CUST_8,33,Male,Mumbai,3,Personal,1,19,22,-1,0.1,0.19,0.107
CUST_9,54,Female,Pune,11,Seasonal,1,94,86,-1,0.36666666666666664,0.94,0.46533333333333327
CUST_10,26,Female,Hyderabad,11,Seasonal,0,61,22,-1,0.36666666666666664,0.61,0.5663333333333334
CUST_11,45,Female,Pune,10,Personal,1,21,13,-1,0.3333333333333333,0.21,0.22966666666666666
CUST_12,49,Female,Pune,8,Seasonal,0,79,76,-1,0.26666666666666666,0.79,0.5703333333333334
CUST_13,35,Male,Chennai,25,Seasonal,2,13,27,-1,0.8333333333333334,0.13,0.25566666666666665
CUST_14,44,Female,Chennai,0,Personal,0,63,14,-1,0.0,0.63,0.389
CUST_15,52,Male,Mumbai,2,Seasonal,2,36,76,-1,0.06666666666666667,0.36,-0.05866666666666667
CUST_16,43,Male,Hyderabad,2,Business,0,24,51,-1,0.06666666666666667,0.24,0.30533333333333335
CUST_17,53,Female,Chennai,10,Seasonal,0,19,76,-1,0.3333333333333333,0.19,0.42366666666666664
CUST_18,23,Male,Pune,11,Business,1,97,10,-1,0.36666666666666664,0.97,0.4743333333333333
CUST_19,23,Male,Chennai,9,Personal,2,10,69,-1,0.3,0.1,-0.020000000000000018
CUST_20,42,Female,Chennai,3,Personal,2,68,45,-1,0.1,0.68,0.05399999999999999
CUST_21,23,Male,Chennai,2,Business,1,13,56,-1,0.06666666666666667,0.13,0.07233333333333333
CUST_22,19,Female,Mumbai,1,Business,0,79,84,-1,0.03333333333333333,0.79,0.45366666666666666
CUST_23,50,Male,Pune,26,Personal,1,64,42,-1,0.8666666666666667,0.64,0.6253333333333333
CUST_24,27,Female,Pune,10,Personal,0,69,16,-1,0.3333333333333333,0.69,0.5736666666666667
CUST_25,32,Female,Mumbai,1,Personal,0,18,62,-1,0.03333333333333333,0.18,0.27066666666666667
CUST_26,58,Male,Pune,29,Personal,0,15,38,-1,0.9666666666666667,0.15,0.7283333333333333
CUST_27,35,Female,Pune,11,Seasonal,1,92,43,-1,0.36666666666666664,0.92,0.45933333333333337
CUST_28,50,Female,Hyderabad,3,Business,1,52,77,-1,0.1,0.52,0.20600000000000002
CUST_29,69,Male,Delhi,1,Personal,0,61,41,-1,0.03333333333333333,0.61,0.39966666666666667
CUST_30,66,Male,Mumbai,0,Seasonal,2,86,87,-1,0.0,0.86,0.057999999999999996
CUST_31,68,Male,Pune,3,Seasonal,0,15,35,-1,0.1,0.15,0.29500000000000004
CUST_32,37,Female,Hyderabad,0,Personal,1,70,42,-1,0.0,0.7,0.21
CUST_33,41,Male,Delhi,8,Business,2,22,52,-1,0.26666666666666666,0.22,-0.0006666666666666765
CUST_34,21,Male,Delhi,2,Personal,2,40,46,-1,0.06666666666666667,0.4,-0.04666666666666669
CUST_35,68,Male,Pune,30,Business,0,86,52,-1,1.0,0.86,0.958
CUST_36,48,Female,Hyderabad,1,Personal,0,84,7,-1,0.03333333333333333,0.84,0.4686666666666667
CUST_37,26,Female,Chennai,2,Personal,2,88,81,-1,0.06666666666666667,0.88,0.09733333333333333
CUST_38,21,Female,Hyderabad,10,Business,1,82,89,-1,0.3333333333333333,0.82,0.4126666666666666
CUST_39,41,Male,Hyderabad,0,Business,1,33,51,-1,0.0,0.33,0.099
CUST_40,39,Female,Mumbai,8,Business,1,25,18,-1,0.26666666666666666,0.25,0.20833333333333331
CUST_41,56,Female,Hyderabad,2,Business,0,47,12,-1,0.06666666666666667,0.47,0.3743333333333333
CUST_42,58,Male,Chennai,1,Business,1,86,23,-1,0.03333333333333333,0.86,0.27466666666666667
CUST_43,25,Female,Delhi,29,Business,2,92,54,-1,0.9666666666666667,0.92,0.5593333333333335
CUST_44,21,Male,Mumbai,8,Business,0,71,55,-1,0.26666666666666666,0.71,0.5463333333333333
CUST_45,33,Female,Delhi,1,Personal,1,76,76,-1,0.03333333333333333,0.76,0.24466666666666664
CUST_46,21,Female,Hyderabad,2,Business,1,85,35,-1,0.06666666666666667,0.85,0.28833333333333333
CUST_47,52,Male,Mumbai,9,Business,1,84,32,-1,0.3,0.84,0.402
CUST_48,34,Female,Delhi,11,Personal,0,31,60,-1,0.36666666666666664,0.31,0.47633333333333333
CUST_49,28,Male,Pune,29,Seasonal,2,30,64,-1,0.9666666666666667,0.3,0.37333333333333335
CUST_50,27,Male,Mumbai,30,Business,0,43,78,-1,1.0,0.43,0.829
CUST_51,45,Female,Delhi,1,Personal,1,97,40,-1,0.03333333333333333,0.97,0.30766666666666664
CUST_52,44,Female,Mumbai,0,Personal,2,90,27,-1,0.0,0.9,0.07
CUST_53,39,Male,Delhi,3,Business,1,89,42,-1,0.1,0.89,0.317
CUST_54,24,Male,Chennai,2,Seasonal,1,39,41,-1,0.06666666666666667,0.39,0.15033333333333332
CUST_55,62,Male,Mumbai,1,Personal,0,31,44,-1,0.03333333333333333,0.31,0.30966666666666665
CUST_56,36,Female,Chennai,12,Personal,0,33,54,-1,0.4,0.33,0.49900000000000005
CUST_57,35,Female,Chennai,28,Business,2,42,84,-1,0.9333333333333333,0.42,0.39266666666666666
CUST_58,27,Male,Pune,25,Personal,2,49,13,-1,0.8333333333333334,0.49,0.36366666666666664
CUST_59,39,Male,Hyderabad,1,Personal,1,56,23,-1,0.03333333333333333,0.56,0.18466666666666667
CUST_60,27,Female,Pune,1,Personal,1,81,26,-1,0.03333333333333333,0.81,0.25966666666666666
CUST_61,32,Female,Delhi,0,Seasonal,2,41,41,-1,0.0,0.41,-0.07700000000000003
CUST_62,35,Male,Chennai,2,Business,2,22,88,-1,0.06666666666666667,0.22,-0.10066666666666668
CUST_63,36,Male,Chennai,1,Business,2,15,20,-1,0.03333333333333333,0.15,-0.13833333333333336
CUST_64,36,Male,Mumbai,8,Seasonal,1,42,60,-1,0.26666666666666666,0.42,0.2593333333333333
CUST_65,50,Female,Hyderabad,26,Seasonal,2,21,85,-1,0.8666666666666667,0.21,0.29633333333333334
CUST_66,53,Female,Hyderabad,2,Personal,0,72,69,-1,0.06666666666666667,0.72,0.44933333333333336
CUST_67,52,Male,Pune,11,Personal,1,75,36,-1,0.36666666666666664,0.75,0.4083333333333333
CUST_68,42,Male,Chennai,25,Business,0,29,70,-1,0.8333333333333334,0.29,0.7036666666666667
CUST_69,40,Male,Chennai,10,Seasonal,2,85,89,-1,0.3333333333333333,0.85,0.22166666666666662
CUST_70,23,Male,Pune,30,Business,0,60,34,-1,1.0,0.6,0.8799999999999999
CUST_71,64,Male,Delhi,1,Business,0,26,78,-1,0.03333333333333333,0.26,0.2946666666666667
CUST_72,30,Female,Pune,1,Seasonal,0,67,62,-1,0.03333333333333333,0.67,0.4176666666666667
CUST_73,25,Female,Pune,26,Seasonal,2,72,83,-1,0.8666666666666667,0.72,0.4493333333333333
CUST_74,42,Female,Hyderabad,8,Seasonal,2,55,40,-1,0.26666666666666666,0.55,0.09833333333333333
CUST_75,30,Male,Pune,26,Personal,0,17,17,-1,0.8666666666666667,0.17,0.6843333333333333
CUST_76,27,Male,Mumbai,26,Seasonal,0,48,86,-1,0.8666666666666667,0.48,0.7773333333333334
CUST_77,60,Female,Chennai,1,Seasonal,0,33,43,-1,0.03333333333333333,0.33,0.31566666666666665
CUST_78,58,Female,Chennai,0,Seasonal,0,87,13,-1,0.0,0.87,0.461
CUST_79,38,Male,Hyderabad,2,Personal,0,17,73,-1,0.06666666666666667,0.17,0.2843333333333333
CUST_80,59,Female,Mumbai,0,Personal,0,15,68,-1,0.0,0.15,0.245
CUST_81,22,Male,Hyderabad,9,Seasonal,1,16,45,-1,0.3,0.16,0.198
CUST_82,36,Female,Mumbai,1,Personal,0,32,16,-1,0.03333333333333333,0.32,0.31266666666666665
CUST_83,33,Female,Chennai,1,Seasonal,0,50,34,-1,0.03333333333333333,0.5,0.3666666666666667
CUST_84,54,Female,Delhi,2,Seasonal,0,48,33,-1,0.06666666666666667,0.48,0.3773333333333333
CUST_85,33,Male,Chennai,2,Business,2,79,42,-1,0.06666666666666667,0.79,0.0703333333333333
CUST_86,33,Male,Pune,25,Personal,1,64,65,-1,0.8333333333333334,0.64,0.6086666666666667
CUST_87,53,Female,Chennai,9,Seasonal,2,48,39,-1,0.3,0.48,0.09399999999999997
CUST_88,46,Male,Mumbai,11,Personal,0,52,18,-1,0.36666666666666664,0.52,0.5393333333333333
CUST_89,40,Male,Hyderabad,3,Seasonal,2,42,60,-1,0.1,0.42,-0.02400000000000002
CUST_90,50,Female,Hyderabad,11,Seasonal,0,17,17,-1,0.36666666666666664,0.17,0.43433333333333335
CUST_91,21,Male,Hyderabad,1,Seasonal,1,45,7,-1,0.03333333333333333,0.45,0.15166666666666667
CUST_92,23,Female,Delhi,2,Seasonal,0,74,44,-1,0.06666666666666667,0.74,0.45533333333333337
CUST_93,35,Male,Pune,25,Business,2,87,82,-1,0.8333333333333334,0.87,0.47766666666666663
CUST_94,66,Male,Mumbai,1,Seasonal,1,91,65,-1,0.03333333333333333,0.91,0.2896666666666667
CUST_95,50,Male,Pune,0,Seasonal,0,35,87,-1,0.0,0.35,0.305
CUST_96,31,Female,Mumbai,2,Business,0,55,45,-1,0.06666666666666667,0.55,0.3983333333333333
CUST_97,44,Male,Hyderabad,1,Business,0,28,57,-1,0.03333333333333333,0.28,0.3006666666666667
CUST_98,54,Female,Chennai,12,Seasonal,0,13,59,-1,0.4,0.13,0.43900000000000006
CUST_99,48,Female,Pune,8,Seasonal,2,14,64,-1,0.26666666666666666,0.14,-0.02466666666666667
CUST_100,55,Female,Mumbai,1,Personal,1,93,74,-1,0.03333333333333333,0.93,0.2956666666666667
CUST_101,29,Female,Hyderabad,26,Personal,2,30,41,-1,0.8666666666666667,0.3,0.3233333333333333
CUST_102,29,Male,Mumbai,28,Seasonal,0,55,38,-1,0.9333333333333333,0.55,0.8316666666666668
CUST_103,27,Male,Hyderabad,28,Business,0,27,80,-1,0.9333333333333333,0.27,0.7476666666666667
CUST_104,27,Female,Hyderabad,1,Seasonal,0,69,85,-1,0.03333333333333333,0.69,0.42366666666666664
CUST_105,29,Female,Mumbai,1,Seasonal,1,20,81,-1,0.03333333333333333,0.2,0.07666666666666666
CUST_106,67,Female,Pune,9,Personal,2,57,74,-1,0.3,0.57,0.12099999999999994
CUST_107,39,Female,Hyderabad,2,Personal,0,76,48,-1,0.06666666666666667,0.76,0.4613333333333333
CUST_108,21,Male,Mumbai,0,Business,1,94,57,-1,0.0,0.94,0.282
CUST_109,49,Male,Chennai,27,Personal,2,11,81,-1,0.9,0.11,0.283
CUST_110,38,Male,Pune,1,Seasonal,1,54,60,-1,0.03333333333333333,0.54,0.17866666666666667
CUST_111,52,Female,Chennai,8,Personal,0,22,54,-1,0.26666666666666666,0.22,0.3993333333333333
CUST_112,47,Female,Delhi,28,Personal,2,43,79,-1,0.9333333333333333,0.43,0.39566666666666667
CUST_113,62,Male,Mumbai,0,Seasonal,0,91,15,-1,0.0,0.91,0.47300000000000003
CUST_114,62,Female,Pune,1,Personal,2,47,73,-1,0.03333333333333333,0.47,-0.04233333333333336
CUST_115,32,Male,Hyderabad,30,Personal,1,43,70,-1,1.0,0.43,0.629
CUST_116,68,Male,Delhi,11,Seasonal,0,57,73,-1,0.36666666666666664,0.57,0.5543333333333333
CUST_117,60,Male,Pune,26,Personal,0,28,12,-1,0.8666666666666667,0.28,0.7173333333333334
CUST_118,31,Female,Delhi,27,Business,1,10,51,-1,0.9,0.1,0.48
CUST_119,61,Male,Chennai,11,Seasonal,0,59,23,-1,0.36666666666666664,0.59,0.5603333333333333
CUST_120,28,Male,Delhi,10,Business,2,31,42,-1,0.3333333333333333,0.31,0.059666666666666646
CUST_121,48,Female,Pune,2,Seasonal,2,60,70,-1,0.06666666666666667,0.6,0.013333333333333308
CUST_122,44,Male,Mumbai,2,Business,1,57,29,-1,0.06666666666666667,0.57,0.2043333333333333
CUST_123,25,Female,Pune,11,Seasonal,1,45,78,-1,0.36666666666666664,0.45,0.31833333333333336
CUST_124,66,Female,Chennai,1,Business,1,87,10,-1,0.03333333333333333,0.87,0.2776666666666667
CUST_125,42,Female,Hyderabad,1,Seasonal,2,38,13,-1,0.03333333333333333,0.38,-0.06933333333333336
CUST_126,43,Female,Chennai,2,Personal,1,11,40,-1,0.06666666666666667,0.11,0.06633333333333333
CUST_127,64,Female,Chennai,9,Personal,2,76,89,-1,0.3,0.76,0.178
CUST_128,58,Female,Delhi,1,Seasonal,2,72,54,-1,0.03333333333333333,0.72,0.03266666666666665
CUST_129,63,Male,Chennai,27,Business,0,44,25,-1,0.9,0.44,0.782
CUST_130,66,Male,Delhi,3,Business,0,71,55,-1,0.1,0.71,0.463
CUST_131,58,Female,Delhi,27,Business,2,78,69,-1,0.9,0.78,0.48399999999999993
CUST_132,23,Female,Pune,1,Personal,2,47,22,-1,0.03333333333333333,0.47,-0.04233333333333336
CUST_133,69,Female,Delhi,0,Personal,2,40,44,-1,0.0,0.4,-0.08000000000000002
CUST_134,36,Male,Delhi,2,Seasonal,1,58,46,-1,0.06666666666666667,0.58,0.20733333333333331
CUST_135,63,Female,Delhi,1,Seasonal,0,57,26,-1,0.03333333333333333,0.57,0.38766666666666666
CUST_136,39,Female,Pune,0,Personal,2,69,68,-1,0.0,0.69,0.0069999999999999785
CUST_137,56,Female,Pune,3,Seasonal,1,60,56,-1,0.1,0.6,0.22999999999999998
CUST_138,23,Female,Delhi,3,Personal,0,85,5,-1,0.1,0.85,0.505
CUST_139,37,Female,Mumbai,1,Business,1,64,78,-1,0.03333333333333333,0.64,0.20866666666666667
CUST_140,47,Male,Mumbai,1,Seasonal,1,69,51,-1,0.03333333333333333,0.69,0.22366666666666665
CUST_141,54,Female,Delhi,12,Seasonal,0,26,13,-1,0.4,0.26,0.47800000000000004
CUST_142,51,Female,Pune,30,Business,2,94,34,-1,1.0,0.94,0.5820000000000001
CUST_143,18,Female,Pune,8,Personal,0,14,57,-1,0.26666666666666666,0.14,0.37533333333333335
CUST_144,33,Male,Hyderabad,30,Seasonal,1,38,19,-1,1.0,0.38,0.614
CUST_145,33,Female,Pune,10,Business,1,87,17,-1,0.3333333333333333,0.87,0.42766666666666664
CUST_146,67,Female,Pune,10,Business,2,37,21,-1,0.3333333333333333,0.37,0.07766666666666666
CUST_147,55,Female,Pune,3,Seasonal,1,17,80,-1,0.1,0.17,0.101
CUST_148,42,Female,Chennai,1,Personal,1,31,87,-1,0.03333333333333333,0.31,0.10966666666666666
CUST_149,64,Male,Chennai,27,Business,1,51,87,-1,0.9,0.51,0.603
CUST_150,58,Male,Pune,11,Business,2,93,32,-1,0.36666666666666664,0.93,0.26233333333333336
CUST_151,52,Male,Mumbai,1,Seasonal,0,59,70,-1,0.03333333333333333,0.59,0.39366666666666666
CUST_152,38,Male,Mumbai,1,Personal,1,86,42,-1,0.03333333333333333,0.86,0.27466666666666667
CUST_153,44,Female,Pune,2,Personal,2,47,77,-1,0.06666666666666667,0.47,-0.0256666666666667
CUST_154,68,Female,Delhi,1,Seasonal,0,33,23,-1,0.03333333333333333,0.33,0.31566666666666665
CUST_155,67,Female,Mumbai,28,Personal,0,98,86,-1,0.9333333333333333,0.98,0.9606666666666666
CUST_156,26,Male,Mumbai,27,Personal,1,65,63,-1,0.9,0.65,0.645
CUST_157,31,Female,Delhi,2,Business,0,65,18,-1,0.06666666666666667,0.65,0.42833333333333334
CUST_158,52,Female,Hyderabad,1,Business,1,12,71,-1,0.03333333333333333,0.12,0.05266666666666667
CUST_159,23,Female,Mumbai,3,Seasonal,0,71,20,-1,0.1,0.71,0.463
CUST_160,23,Male,Pune,0,Personal,1,91,18,-1,0.0,0.91,0.273
CUST_161,24,Male,Pune,0,Business,2,82,10,-1,0.0,0.82,0.04599999999999996
CUST_162,44,Female,Hyderabad,26,Business,2,69,24,-1,0.8666666666666667,0.69,0.4403333333333333
CUST_163,29,Female,Chennai,30,Business,0,50,18,-1,1.0,0.5,0.8500000000000001
CUST_164,23,Female,Chennai,1,Business,1,17,69,-1,0.03333333333333333,0.17,0.06766666666666667
CUST_165,49,Female,Hyderabad,1,Business,0,84,38,-1,0.03333333333333333,0.84,0.4686666666666667
CUST_166,23,Female,Hyderabad,8,Seasonal,2,68,23,-1,0.26666666666666666,0.68,0.13733333333333336
CUST_167,47,Female,Mumbai,0,Business,2,93,64,-1,0.0,0.93,0.07900000000000001
CUST_168,19,Female,Chennai,0,Personal,1,75,74,-1,0.0,0.75,0.22499999999999998
CUST_169,67,Female,Pune,12,Personal,2,99,29,-1,0.4,0.99,0.297
CUST_170,47,Male,Delhi,2,Personal,1,67,36,-1,0.06666666666666667,0.67,0.23433333333333334
CUST_171,18,Female,Mumbai,1,Seasonal,0,79,48,-1,0.03333333333333333,0.79,0.45366666666666666
CUST_172,64,Male,Pune,1,Personal,1,99,40,-1,0.03333333333333333,0.99,0.31366666666666665
CUST_173,24,Female,Delhi,25,Seasonal,1,87,65,-1,0.8333333333333334,0.87,0.6776666666666666
CUST_174,61,Male,Chennai,1,Business,2,17,69,-1,0.03333333333333333,0.17,-0.13233333333333336
CUST_175,33,Male,Hyderabad,3,Seasonal,0,91,9,-1,0.1,0.91,0.523
CUST_176,33,Female,Mumbai,1,Business,2,43,69,-1,0.03333333333333333,0.43,-0.054333333333333345
CUST_177,32,Female,Hyderabad,0,Seasonal,0,72,57,-1,0.0,0.72,0.41600000000000004
CUST_178,42,Female,Hyderabad,1,Business,2,39,40,-1,0.03333333333333333,0.39,-0.06633333333333336
CUST_179,41,Female,Pune,8,Personal,1,79,52,-1,0.26666666666666666,0.79,0.3703333333333333
CUST_180,63,Female,Hyderabad,1,Business,0,49,68,-1,0.03333333333333333,0.49,0.3636666666666667
CUST_181,36,Female,Mumbai,2,Personal,2,26,73,-1,0.06666666666666667,0.26,-0.08866666666666667
CUST_182,47,Male,Hyderabad,8,Seasonal,2,90,23,-1,0.26666666666666666,0.9,0.2033333333333333
CUST_183,38,Male,Pune,0,Personal,0,21,44,-1,0.0,0.21,0.263
CUST_184,20,Female,Pune,12,Seasonal,2,76,65,-1,0.4,0.76,0.22799999999999998
CUST_185,51,Female,Pune,1,Personal,1,11,76,-1,0.03333333333333333,0.11,0.049666666666666665
CUST_186,49,Male,Chennai,1,Personal,2,93,32,-1,0.03333333333333333,0.93,0.09566666666666668
CUST_187,47,Female,Hyderabad,2,Personal,0,41,63,-1,0.06666666666666667,0.41,0.35633333333333334
CUST_188,29,Female,Chennai,1,Personal,2,18,27,-1,0.03333333333333333,0.18,-0.12933333333333336
CUST_189,57,Male,Mumbai,25,Personal,2,78,49,-1,0.8333333333333334,0.78,0.4506666666666667
CUST_190,54,Male,Chennai,2,Personal,0,26,31,-1,0.06666666666666667,0.26,0.31133333333333335
CUST_191,51,Female,Delhi,28,Personal,1,97,59,-1,0.9333333333333333,0.97,0.7576666666666667
CUST_192,31,Female,Chennai,1,Seasonal,0,85,23,-1,0.03333333333333333,0.85,0.4716666666666667
CUST_193,26,Male,Chennai,8,Business,0,44,41,-1,0.26666666666666666,0.44,0.4653333333333333
CUST_194,52,Male,Pune,0,Personal,0,73,34,-1,0.0,0.73,0.41900000000000004
CUST_195,50,Female,Hyderabad,2,Business,2,76,53,-1,0.06666666666666667,0.76,0.061333333333333295
CUST_196,64,Male,Mumbai,11,Business,2,99,28,-1,0.36666666666666664,0.99,0.28033333333333327
CUST_197,32,Male,Chennai,12,Business,2,53,31,-1,0.4,0.53,0.15899999999999997
CUST_198,40,Male,Chennai,1,Seasonal,2,50,81,-1,0.03333333333333333,0.5,-0.033333333333333354
CUST_199,18,Female,Delhi,8,Seasonal,1,46,10,-1,0.26666666666666666,0.46,0.2713333333333333
CUST_200,65,Female,Chennai,30,Seasonal,0,65,69,-1,1.0,0.65,0.895
CUST_201,52,Male,Hyderabad,2,Seasonal,2,33,43,-1,0.06666666666666667,0.33,-0.06766666666666668
CUST_202,19,Male,Pune,9,Personal,0,28,44,-1,0.3,0.28,0.434
CUST_203,26,Female,Delhi,26,Personal,1,27,57,-1,0.8666666666666667,0.27,0.5143333333333333
CUST_204,24,Male,Chennai,8,Business,1,95,43,-1,0.26666666666666666,0.95,0.41833333333333333
CUST_205,59,Female,Pune,25,Personal,0,26,30,-1,0.8333333333333334,0.26,0.6946666666666668
CUST_206,62,Female,Hyderabad,9,Personal,0,76,49,-1,0.3,0.76,0.5780000000000001
CUST_207,42,Female,Pune,0,Seasonal,1,98,64,-1,0.0,0.98,0.294
CUST_208,54,Male,Hyderabad,0,Business,1,12,5,-1,0.0,0.12,0.036
CUST_209,42,Male,Mumbai,3,Business,0,61,39,-1,0.1,0.61,0.433
CUST_210,36,Male,Hyderabad,11,Business,1,72,46,-1,0.36666666666666664,0.72,0.3993333333333333
CUST_211,50,Male,Mumbai,1,Seasonal,1,34,11,-1,0.03333333333333333,0.34,0.11866666666666667
CUST_212,47,Male,Chennai,2,Personal,2,95,30,-1,0.06666666666666667,0.95,0.11833333333333329
CUST_213,69,Male,Mumbai,0,Personal,2,72,41,-1,0.0,0.72,0.015999999999999986
CUST_214,36,Female,Hyderabad,2,Seasonal,2,99,85,-1,0.06666666666666667,0.99,0.1303333333333333
CUST_215,34,Male,Mumbai,0,Seasonal,1,58,73,-1,0.0,0.58,0.174
CUST_216,61,Female,Chennai,30,Business,0,66,34,-1,1.0,0.66,0.8979999999999999
CUST_217,65,Female,Delhi,28,Personal,2,88,70,-1,0.9333333333333333,0.88,0.5306666666666666
CUST_218,30,Male,Chennai,10,Personal,2,65,70,-1,0.3333333333333333,0.65,0.16166666666666668
CUST_219,31,Female,Pune,9,Seasonal,1,63,46,-1,0.3,0.63,0.33899999999999997
CUST_220,46,Female,Mumbai,1,Seasonal,1,43,82,-1,0.03333333333333333,0.43,0.14566666666666667
CUST_221,47,Male,Pune,1,Personal,2,48,86,-1,0.03333333333333333,0.48,-0.03933333333333336
CUST_222,30,Female,Hyderabad,29,Seasonal,0,55,81,-1,0.9666666666666667,0.55,0.8483333333333334
CUST_223,58,Female,Hyderabad,0,Business,0,20,19,-1,0.0,0.2,0.26
CUST_224,57,Male,Delhi,8,Personal,0,10,33,-1,0.26666666666666666,0.1,0.36333333333333334
CUST_225,27,Female,Hyderabad,27,Personal,1,12,89,-1,0.9,0.12,0.486
CUST_226,32,Male,Mumbai,12,Business,1,43,40,-1,0.4,0.43,0.329
CUST_227,42,Male,Pune,3,Business,1,79,23,-1,0.1,0.79,0.287
CUST_228,47,Male,Pune,0,Seasonal,2,76,18,-1,0.0,0.76,0.02799999999999997
CUST_229,31,Male,Hyderabad,1,Business,1,41,7,-1,0.03333333333333333,0.41,0.13966666666666666
CUST_230,59,Male,Hyderabad,25,Seasonal,2,65,8,-1,0.8333333333333334,0.65,0.4116666666666667
CUST_231,51,Male,Mumbai,1,Business,0,61,46,-1,0.03333333333333333,0.61,0.39966666666666667
CUST_232,22,Female,Delhi,3,Business,0,61,19,-1,0.1,0.61,0.433
CUST_233,28,Male,Delhi,1,Personal,2,50,48,-1,0.03333333333333333,0.5,-0.033333333333333354
CUST_234,52,Female,Pune,8,Seasonal,1,55,19,-1,0.26666666666666666,0.55,0.29833333333333334
CUST_235,39,Female,Mumbai,2,Business,1,39,23,-1,0.06666666666666667,0.39,0.15033333333333332
CUST_236,69,Male,Delhi,9,Business,0,92,29,-1,0.3,0.92,0.6260000000000001
CUST_237,59,Female,Delhi,9,Seasonal,0,30,61,-1,0.3,0.3,0.44
CUST_238,20,Male,Delhi,1,Business,2,88,38,-1,0.03333333333333333,0.88,0.08066666666666666
CUST_239,19,Female,Mumbai,8,Seasonal,2,95,40,-1,0.26666666666666666,0.95,0.21833333333333332
CUST_240,40,Male,Delhi,0,Personal,2,57,6,-1,0.0,0.57,-0.029000000000000026
CUST_241,54,Female,Mumbai,0,Personal,2,99,6,-1,0.0,0.99,0.09699999999999998
CUST_242,37,Female,Chennai,1,Business,2,88,24,-1,0.03333333333333333,0.88,0.08066666666666666
CUST_243,58,Male,Mumbai,1,Personal,1,51,56,-1,0.03333333333333333,0.51,0.16966666666666666
CUST_244,32,Female,Pune,1,Personal,0,83,76,-1,0.03333333333333333,0.83,0.4656666666666667
CUST_245,22,Male,Delhi,1,Seasonal,1,47,76,-1,0.03333333333333333,0.47,0.15766666666666665
CUST_246,44,Female,Hyderabad,3,Seasonal,1,56,71,-1,0.1,0.56,0.21800000000000003
CUST_247,44,Female,Delhi,2,Personal,0,57,33,-1,0.06666666666666667,0.57,0.4043333333333333
CUST_248,64,Male,Hyderabad,1,Personal,2,42,68,-1,0.03333333333333333,0.42,-0.05733333333333335
CUST_249,33,Female,Delhi,0,Business,0,64,22,-1,0.0,0.64,0.392
CUST_250,25,Female,Pune,3,Business,1,64,66,-1,0.1,0.64,0.242
CUST_251,59,Male,Hyderabad,2,Business,2,85,85,-1,0.06666666666666667,0.85,0.08833333333333332
CUST_252,28,Male,Chennai,1,Business,2,55,63,-1,0.03333333333333333,0.55,-0.01833333333333334
CUST_253,42,Male,Delhi,28,Business,0,21,5,-1,0.9333333333333333,0.21,0.7296666666666667
CUST_254,38,Female,Mumbai,2,Business,1,36,88,-1,0.06666666666666667,0.36,0.14133333333333334
CUST_255,55,Male,Mumbai,0,Personal,1,91,50,-1,0.0,0.91,0.273
CUST_256,41,Male,Pune,1,Personal,0,21,68,-1,0.03333333333333333,0.21,0.2796666666666667
CUST_257,32,Male,Chennai,1,Business,2,99,70,-1,0.03333333333333333,0.99,0.11366666666666664
CUST_258,60,Male,Hyderabad,0,Seasonal,0,85,79,-1,0.0,0.85,0.455
CUST_259,39,Female,Mumbai,12,Personal,1,82,11,-1,0.4,0.82,0.44599999999999995
CUST_260,56,Female,Delhi,2,Business,1,12,67,-1,0.06666666666666667,0.12,0.06933333333333333
CUST_261,21,Male,Pune,26,Business,2,66,24,-1,0.8666666666666667,0.66,0.4313333333333333
CUST_262,27,Female,Mumbai,25,Business,1,48,21,-1,0.8333333333333334,0.48,0.5606666666666666
CUST_263,46,Male,Delhi,1,Personal,0,69,59,-1,0.03333333333333333,0.69,0.42366666666666664
CUST_264,27,Female,Pune,1,Seasonal,2,51,23,-1,0.03333333333333333,0.51,-0.03033333333333335
CUST_265,22,Female,Mumbai,1,Business,0,30,89,-1,0.03333333333333333,0.3,0.30666666666666664
CUST_266,25,Male,Pune,1,Business,0,87,76,-1,0.03333333333333333,0.87,0.4776666666666667
CUST_267,37,Female,Chennai,2,Business,2,91,5,-1,0.06666666666666667,0.91,0.10633333333333334
CUST_268,56,Male,Pune,9,Personal,2,78,68,-1,0.3,0.78,0.184
CUST_269,38,Male,Delhi,0,Personal,0,24,71,-1,0.0,0.24,0.272
CUST_270,63,Female,Mumbai,1,Personal,0,52,17,-1,0.03333333333333333,0.52,0.3726666666666667
CUST_271,34,Male,Chennai,25,Business,2,17,39,-1,0.8333333333333334,0.17,0.26766666666666666
CUST_272,29,Female,Chennai,9,Business,2,89,44,-1,0.3,0.89,0.21700000000000003
CUST_273,23,Female,Delhi,1,Business,1,81,59,-1,0.03333333333333333,0.81,0.25966666666666666
CUST_274,24,Female,Delhi,1,Personal,0,42,36,-1,0.03333333333333333,0.42,0.3426666666666667
CUST_275,24,Female,Delhi,3,Seasonal,1,73,73,-1,0.1,0.73,0.269
CUST_276,41,Male,Chennai,2,Seasonal,1,67,7,-1,0.06666666666666667,0.67,0.23433333333333334
CUST_277,26,Male,Chennai,2,Business,0,91,67,-1,0.06666666666666667,0.91,0.5063333333333333
CUST_278,47,Female,Delhi,1,Personal,2,27,46,-1,0.03333333333333333,0.27,-0.10233333333333335
CUST_279,30,Female,Delhi,2,Business,1,82,28,-1,0.06666666666666667,0.82,0.2793333333333333
CUST_280,57,Female,Delhi,1,Seasonal,2,42,18,-1,0.03333333333333333,0.42,-0.05733333333333335
CUST_281,45,Female,Chennai,2,Business,2,44,74,-1,0.06666666666666667,0.44,-0.03466666666666668
CUST_282,54,Female,Mumbai,1,Seasonal,1,26,89,-1,0.03333333333333333,0.26,0.09466666666666666
CUST_283,69,Male,Pune,2,Seasonal,0,64,26,-1,0.06666666666666667,0.64,0.42533333333333334
CUST_284,44,Male,Hyderabad,8,Personal,1,77,26,-1,0.26666666666666666,0.77,0.3643333333333333
CUST_285,61,Female,Chennai,2,Business,1,98,56,-1,0.06666666666666667,0.98,0.3273333333333333
CUST_286,66,Male,Hyderabad,26,Personal,1,81,5,-1,0.8666666666666667,0.81,0.6763333333333333
CUST_287,53,Male,Chennai,0,Business,0,54,83,-1,0.0,0.54,0.362
CUST_288,24,Female,Delhi,1,Seasonal,0,92,7,-1,0.03333333333333333,0.92,0.4926666666666667
CUST_289,21,Female,Pune,12,Seasonal,1,62,81,-1,0.4,0.62,0.386
CUST_290,67,Male,Chennai,0,Seasonal,0,74,78,-1,0.0,0.74,0.42200000000000004
CUST_291,31,Female,Hyderabad,10,Personal,2,89,12,-1,0.3333333333333333,0.89,0.23366666666666663
CUST_292,38,Female,Hyderabad,2,Seasonal,2,90,16,-1,0.06666666666666667,0.9,0.10333333333333333
CUST_293,19,Male,Delhi,11,Business,2,80,13,-1,0.36666666666666664,0.8,0.22333333333333333
CUST_294,22,Female,Mumbai,10,Business,2,40,46,-1,0.3333333333333333,0.4,0.08666666666666661
CUST_295,43,Male,Pune,27,Business,1,22,66,-1,0.9,0.22,0.516
CUST_296,33,Female,Chennai,1,Personal,1,57,65,-1,0.03333333333333333,0.57,0.18766666666666665
CUST_297,42,Female,Delhi,2,Personal,0,93,65,-1,0.06666666666666667,0.93,0.5123333333333333
CUST_298,55,Female,Hyderabad,25,Business,0,87,56,-1,0.8333333333333334,0.87,0.8776666666666666
CUST_299,37,Female,Mumbai,2,Personal,0,67,74,-1,0.06666666666666667,0.67,0.43433333333333335
CUST_300,34,Male,Hyderabad,1,Seasonal,1,28,87,-1,0.03333333333333333,0.28,0.10066666666666667
CUST_301,28,Female,Delhi,9,Seasonal,0,72,65,-1,0.3,0.72,0.5660000000000001
CUST_302,28,Male,Hyderabad,27,Business,2,70,67,-1,0.9,0.7,0.46
CUST_303,50,Male,Pune,1,Personal,2,70,65,-1,0.03333333333333333,0.7,0.026666666666666644
CUST_304,33,Female,Chennai,1,Seasonal,1,50,58,-1,0.03333333333333333,0.5,0.16666666666666666
CUST_305,50,Male,Hyderabad,1,Personal,0,76,37,-1,0.03333333333333333,0.76,0.44466666666666665
CUST_306,37,Female,Chennai,26,Business,0,28,23,-1,0.8666666666666667,0.28,0.7173333333333334
CUST_307,38,Male,Mumbai,29,Personal,2,87,74,-1,0.9666666666666667,0.87,0.5443333333333333
CUST_308,55,Female,Chennai,10,Business,2,70,29,-1,0.3333333333333333,0.7,0.17666666666666664
CUST_309,18,Female,Delhi,2,Business,2,38,57,-1,0.06666666666666667,0.38,-0.052666666666666695
CUST_310,27,Male,Chennai,2,Personal,2,88,30,-1,0.06666666666666667,0.88,0.09733333333333333
CUST_311,53,Male,Hyderabad,1,Business,0,53,61,-1,0.03333333333333333,0.53,0.3756666666666667
CUST_312,63,Female,Hyderabad,10,Seasonal,1,40,71,-1,0.3333333333333333,0.4,0.2866666666666666
CUST_313,59,Male,Delhi,2,Personal,0,72,11,-1,0.06666666666666667,0.72,0.44933333333333336
CUST_314,42,Female,Chennai,0,Personal,0,14,35,-1,0.0,0.14,0.24200000000000002
CUST_315,26,Male,Mumbai,2,Personal,0,29,82,-1,0.06666666666666667,0.29,0.32033333333333336
CUST_316,30,Male,Mumbai,1,Personal,2,82,63,-1,0.03333333333333333,0.82,0.06266666666666665
CUST_317,69,Female,Delhi,1,Personal,0,90,15,-1,0.03333333333333333,0.9,0.4866666666666667
CUST_318,41,Female,Delhi,1,Business,2,72,75,-1,0.03333333333333333,0.72,0.03266666666666665
CUST_319,24,Male,Mumbai,2,Seasonal,1,54,46,-1,0.06666666666666667,0.54,0.19533333333333333
CUST_320,48,Female,Mumbai,27,Business,1,99,46,-1,0.9,0.99,0.747
CUST_321,54,Male,Chennai,3,Business,0,42,33,-1,0.1,0.42,0.376
CUST_322,34,Female,Chennai,1,Seasonal,0,33,64,-1,0.03333333333333333,0.33,0.31566666666666665
CUST_323,27,Male,Mumbai,9,Personal,2,10,60,-1,0.3,0.1,-0.020000000000000018
CUST_324,20,Male,Hyderabad,1,Seasonal,1,73,35,-1,0.03333333333333333,0.73,0.23566666666666666
CUST_325,38,Male,Pune,1,Business,2,34,5,-1,0.03333333333333333,0.34,-0.08133333333333334
CUST_326,60,Male,Mumbai,1,Business,1,58,37,-1,0.03333333333333333,0.58,0.19066666666666665
CUST_327,24,Female,Mumbai,1,Seasonal,2,84,56,-1,0.03333333333333333,0.84,0.06866666666666665
CUST_328,24,Female,Delhi,2,Seasonal,0,52,11,-1,0.06666666666666667,0.52,0.3893333333333333
CUST_329,26,Male,Chennai,1,Business,0,75,30,-1,0.03333333333333333,0.75,0.44166666666666665
CUST_330,62,Female,Delhi,2,Personal,1,39,56,-1,0.06666666666666667,0.39,0.15033333333333332
CUST_331,69,Female,Hyderabad,3,Business,0,85,82,-1,0.1,0.85,0.505
CUST_332,19,Male,Chennai,10,Personal,1,94,62,-1,0.3333333333333333,0.94,0.44866666666666666
CUST_333,62,Female,Hyderabad,2,Business,0,77,77,-1,0.06666666666666667,0.77,0.4643333333333333
CUST_334,50,Male,Delhi,3,Personal,1,22,83,-1,0.1,0.22,0.116
CUST_335,34,Female,Hyderabad,26,Seasonal,2,16,28,-1,0.8666666666666667,0.16,0.2813333333333333
CUST_336,43,Female,Pune,11,Business,2,70,76,-1,0.36666666666666664,0.7,0.1933333333333333
CUST_337,50,Female,Hyderabad,1,Seasonal,2,38,51,-1,0.03333333333333333,0.38,-0.06933333333333336
CUST_338,61,Female,Pune,2,Personal,1,12,72,-1,0.06666666666666667,0.12,0.06933333333333333
CUST_339,45,Female,Hyderabad,8,Seasonal,2,31,76,-1,0.26666666666666666,0.31,0.02633333333333332
CUST_340,63,Male,Mumbai,8,Business,0,41,51,-1,0.26666666666666666,0.41,0.4563333333333333
CUST_341,54,Female,Delhi,1,Personal,0,28,17,-1,0.03333333333333333,0.28,0.3006666666666667
CUST_342,68,Female,Pune,1,Business,1,59,12,-1,0.03333333333333333,0.59,0.19366666666666665
CUST_343,20,Female,Pune,1,Personal,1,96,80,-1,0.03333333333333333,0.96,0.30466666666666664
CUST_344,27,Female,Hyderabad,3,Seasonal,2,54,21,-1,0.1,0.54,0.01200000000000001
CUST_345,22,Male,Delhi,11,Personal,1,34,10,-1,0.36666666666666664,0.34,0.2853333333333333
CUST_346,55,Female,Chennai,2,Seasonal,1,49,55,-1,0.06666666666666667,0.49,0.18033333333333332
CUST_347,22,Female,Chennai,12,Personal,1,62,80,-1,0.4,0.62,0.386
CUST_348,32,Female,Chennai,9,Seasonal,0,75,74,-1,0.3,0.75,0.575
CUST_349,49,Female,Chennai,1,Business,0,59,87,-1,0.03333333333333333,0.59,0.39366666666666666
CUST_350,55,Female,Mumbai,2,Business,0,39,84,-1,0.06666666666666667,0.39,0.35033333333333333
CUST_351,31,Male,Mumbai,1,Business,0,71,82,-1,0.03333333333333333,0.71,0.42966666666666664
CUST_352,37,Female,Pune,1,Personal,1,64,63,-1,0.03333333333333333,0.64,0.20866666666666667
CUST_353,38,Male,Pune,28,Seasonal,1,37,83,-1,0.9333333333333333,0.37,0.5776666666666667
CUST_354,63,Male,Delhi,1,Business,1,68,47,-1,0.03333333333333333,0.68,0.22066666666666668
CUST_355,36,Male,Chennai,0,Seasonal,1,77,78,-1,0.0,0.77,0.23099999999999998
CUST_356,23,Male,Delhi,1,Personal,2,75,87,-1,0.03333333333333333,0.75,0.04166666666666663
CUST_357,26,Female,Hyderabad,0,Seasonal,2,81,80,-1,0.0,0.81,0.04299999999999998
CUST_358,36,Female,Pune,1,Business,1,74,44,-1,0.03333333333333333,0.74,0.23866666666666667
CUST_359,25,Male,Hyderabad,9,Personal,2,76,18,-1,0.3,0.76,0.178
CUST_360,48,Male,Chennai,1,Seasonal,2,36,27,-1,0.03333333333333333,0.36,-0.07533333333333335
CUST_361,67,Female,Delhi,0,Personal,0,80,40,-1,0.0,0.8,0.44
CUST_362,47,Male,Pune,1,Seasonal,1,69,81,-1,0.03333333333333333,0.69,0.22366666666666665
CUST_363,31,Male,Hyderabad,27,Business,1,41,52,-1,0.9,0.41,0.573
CUST_364,44,Male,Pune,2,Seasonal,1,35,31,-1,0.06666666666666667,0.35,0.13833333333333334
CUST_365,27,Male,Mumbai,8,Business,1,40,57,-1,0.26666666666666666,0.4,0.2533333333333333
CUST_366,31,Female,Chennai,27,Business,0,25,77,-1,0.9,0.25,0.7250000000000001
CUST_367,37,Female,Hyderabad,30,Business,2,85,49,-1,1.0,0.85,0.5549999999999999
CUST_368,48,Female,Delhi,12,Seasonal,2,78,49,-1,0.4,0.78,0.23399999999999999
CUST_369,21,Female,Chennai,10,Business,2,28,53,-1,0.3333333333333333,0.28,0.05066666666666664
CUST_370,25,Male,Mumbai,2,Personal,0,46,25,-1,0.06666666666666667,0.46,0.37133333333333335
CUST_371,48,Female,Hyderabad,1,Seasonal,1,34,79,-1,0.03333333333333333,0.34,0.11866666666666667
CUST_372,58,Male,Mumbai,29,Personal,1,49,79,-1,0.9666666666666667,0.49,0.6303333333333333
CUST_373,26,Male,Pune,11,Business,2,77,82,-1,0.36666666666666664,0.77,0.21433333333333332
CUST_374,31,Male,Chennai,27,Business,0,17,68,-1,0.9,0.17,0.7010000000000001
CUST_375,43,Female,Pune,1,Business,1,26,78,-1,0.03333333333333333,0.26,0.09466666666666666
CUST_376,56,Male,Hyderabad,2,Personal,1,42,86,-1,0.06666666666666667,0.42,0.15933333333333333
CUST_377,40,Male,Hyderabad,1,Business,1,58,6,-1,0.03333333333333333,0.58,0.19066666666666665
CUST_378,64,Female,Pune,2,Business,1,57,88,-1,0.06666666666666667,0.57,0.2043333333333333
CUST_379,49,Male,Hyderabad,12,Seasonal,2,96,14,-1,0.4,0.96,0.288
CUST_380,63,Female,Chennai,3,Business,0,45,26,-1,0.1,0.45,0.385
CUST_381,61,Male,Hyderabad,1,Business,1,70,78,-1,0.03333333333333333,0.7,0.22666666666666666
CUST_382,40,Female,Hyderabad,3,Business,1,16,63,-1,0.1,0.16,0.098
CUST_383,59,Female,Hyderabad,28,Seasonal,0,50,13,-1,0.9333333333333333,0.5,0.8166666666666667
CUST_384,61,Female,Mumbai,30,Personal,0,62,67,-1,1.0,0.62,0.8859999999999999
CUST_385,29,Male,Chennai,12,Seasonal,2,10,6,-1,0.4,0.1,0.03
CUST_386,57,Female,Chennai,1,Personal,0,54,43,-1,0.03333333333333333,0.54,0.3786666666666667
CUST_387,53,Male,Chennai,0,Business,1,41,20,-1,0.0,0.41,0.12299999999999998
CUST_388,56,Male,Pune,2,Personal,2,11,62,-1,0.06666666666666667,0.11,-0.13366666666666668
CUST_389,38,Female,Mumbai,27,Seasonal,2,33,35,-1,0.9,0.33,0.34900000000000003
CUST_390,21,Male,Chennai,26,Seasonal,2,22,12,-1,0.8666666666666667,0.22,0.29933333333333334
CUST_391,18,Female,Chennai,26,Seasonal,0,64,52,-1,0.8666666666666667,0.64,0.8253333333333333
CUST_392,49,Male,Chennai,9,Seasonal,1,65,40,-1,0.3,0.65,0.345
CUST_393,54,Female,Delhi,0,Personal,1,10,20,-1,0.0,0.1,0.03
CUST_394,25,Male,Pune,25,Business,2,35,28,-1,0.8333333333333334,0.35,0.3216666666666667
CUST_395,59,Male,Chennai,12,Personal,1,79,69,-1,0.4,0.79,0.437
CUST_396,32,Female,Delhi,3,Personal,1,73,58,-1,0.1,0.73,0.269
CUST_397,67,Female,Pune,8,Business,1,46,78,-1,0.26666666666666666,0.46,0.2713333333333333
CUST_398,31,Male,Hyderabad,11,Business,0,72,55,-1,0.36666666666666664,0.72,0.5993333333333333
CUST_399,41,Female,Chennai,1,Business,0,45,38,-1,0.03333333333333333,0.45,0.3516666666666667
CUST_400,60,Female,Hyderabad,2,Personal,0,63,33,-1,0.06666666666666667,0.63,0.42233333333333334
CUST_401,35,Male,Chennai,27,Seasonal,1,62,32,-1,0.9,0.62,0.636
CUST_402,45,Male,Hyderabad,3,Personal,1,81,55,-1,0.1,0.81,0.293
CUST_403,69,Female,Chennai,2,Personal,0,46,62,-1,0.06666666666666667,0.46,0.37133333333333335
CUST_404,44,Male,Pune,10,Business,0,94,31,-1,0.3333333333333333,0.94,0.6486666666666667
CUST_405,56,Female,Pune,1,Business,2,58,44,-1,0.03333333333333333,0.58,-0.00933333333333336
CUST_406,22,Male,Pune,0,Business,0,86,23,-1,0.0,0.86,0.458
CUST_407,42,Male,Pune,12,Personal,0,14,13,-1,0.4,0.14,0.44200000000000006
CUST_408,56,Male,Hyderabad,1,Personal,1,42,62,-1,0.03333333333333333,0.42,0.14266666666666666
CUST_409,55,Male,Mumbai,2,Seasonal,0,14,15,-1,0.06666666666666667,0.14,0.2753333333333333
CUST_410,69,Male,Delhi,11,Business,0,63,47,-1,0.36666666666666664,0.63,0.5723333333333334
CUST_411,33,Female,Mumbai,3,Seasonal,2,96,61,-1,0.1,0.96,0.13799999999999996
CUST_412,59,Female,Pune,2,Personal,0,20,86,-1,0.06666666666666667,0.2,0.29333333333333333
CUST_413,40,Male,Mumbai,1,Seasonal,0,52,72,-1,0.03333333333333333,0.52,0.3726666666666667
CUST_414,29,Male,Mumbai,1,Personal,0,49,15,-1,0.03333333333333333,0.49,0.3636666666666667
CUST_415,40,Male,Delhi,30,Business,0,35,10,-1,1.0,0.35,0.8049999999999999
CUST_416,29,Female,Chennai,0,Personal,1,19,38,-1,0.0,0.19,0.056999999999999995
CUST_417,39,Female,Hyderabad,1,Business,1,10,42,-1,0.03333333333333333,0.1,0.04666666666666666
CUST_418,56,Male,Mumbai,29,Business,2,94,15,-1,0.9666666666666667,0.94,0.5653333333333332
CUST_419,50,Female,Pune,8,Seasonal,2,13,78,-1,0.26666666666666666,0.13,-0.027666666666666673
CUST_420,68,Male,Mumbai,12,Business,2,66,6,-1,0.4,0.66,0.198
CUST_421,54,Male,Pune,3,Seasonal,1,75,67,-1,0.1,0.75,0.27499999999999997
CUST_422,29,Male,Mumbai,1,Seasonal,2,44,68,-1,0.03333333333333333,0.44,-0.05133333333333334
CUST_423,25,Female,Chennai,1,Seasonal,1,51,77,-1,0.03333333333333333,0.51,0.16966666666666666
CUST_424,21,Female,Hyderabad,3,Business,1,45,40,-1,0.1,0.45,0.185
CUST_425,51,Female,Hyderabad,1,Seasonal,1,70,70,-1,0.03333333333333333,0.7,0.22666666666666666
CUST_426,37,Male,Mumbai,29,Personal,1,33,5,-1,0.9666666666666667,0.33,0.5823333333333334
CUST_427,63,Female,Mumbai,12,Business,2,79,50,-1,0.4,0.79,0.237
CUST_428,30,Female,Delhi,12,Personal,1,34,67,-1,0.4,0.34,0.30200000000000005
CUST_429,50,Male,Delhi,10,Personal,1,47,85,-1,0.3333333333333333,0.47,0.30766666666666664
CUST_430,51,Male,Hyderabad,2,Personal,1,86,49,-1,0.06666666666666667,0.86,0.29133333333333333
CUST_431,64,Male,Chennai,29,Seasonal,1,88,11,-1,0.9666666666666667,0.88,0.7473333333333334
CUST_432,50,Female,Delhi,1,Personal,2,42,36,-1,0.03333333333333333,0.42,-0.05733333333333335
CUST_433,27,Male,Mumbai,29,Personal,2,26,88,-1,0.9666666666666667,0.26,0.36133333333333334
CUST_434,41,Male,Delhi,8,Personal,0,67,81,-1,0.26666666666666666,0.67,0.5343333333333333
CUST_435,46,Female,Mumbai,1,Personal,1,81,61,-1,0.03333333333333333,0.81,0.25966666666666666
CUST_436,63,Male,Delhi,10,Personal,1,38,16,-1,0.3333333333333333,0.38,0.2806666666666666
CUST_437,33,Male,Hyderabad,25,Business,2,41,83,-1,0.8333333333333334,0.41,0.3396666666666666
CUST_438,41,Female,Pune,1,Business,1,26,20,-1,0.03333333333333333,0.26,0.09466666666666666
CUST_439,60,Male,Chennai,11,Personal,0,90,87,-1,0.36666666666666664,0.9,0.6533333333333333
CUST_440,47,Male,Pune,0,Personal,1,97,14,-1,0.0,0.97,0.291
CUST_441,60,Female,Delhi,2,Personal,1,90,16,-1,0.06666666666666667,0.9,0.30333333333333334
CUST_442,25,Female,Pune,2,Personal,0,82,10,-1,0.06666666666666667,0.82,0.47933333333333333
CUST_443,66,Female,Delhi,0,Personal,1,28,87,-1,0.0,0.28,0.084
CUST_444,38,Male,Chennai,10,Business,2,43,61,-1,0.3333333333333333,0.43,0.09566666666666662
CUST_445,44,Female,Hyderabad,11,Personal,1,26,10,-1,0.36666666666666664,0.26,0.2613333333333333
CUST_446,65,Male,Hyderabad,2,Personal,2,27,17,-1,0.06666666666666667,0.27,-0.08566666666666667
CUST_447,30,Male,Chennai,1,Business,1,65,58,-1,0.03333333333333333,0.65,0.21166666666666667
CUST_448,63,Female,Mumbai,26,Personal,2,63,66,-1,0.8666666666666667,0.63,0.4223333333333334
CUST_449,19,Female,Pune,1,Business,1,56,44,-1,0.03333333333333333,0.56,0.18466666666666667
CUST_450,60,Female,Mumbai,1,Personal,2,13,84,-1,0.03333333333333333,0.13,-0.14433333333333334
CUST_451,69,Female,Mumbai,29,Personal,2,53,46,-1,0.9666666666666667,0.53,0.4423333333333333
CUST_452,49,Female,Mumbai,2,Personal,2,18,69,-1,0.06666666666666667,0.18,-0.11266666666666668
CUST_453,38,Male,Chennai,11,Seasonal,1,86,69,-1,0.36666666666666664,0.86,0.44133333333333336
CUST_454,66,Male,Hyderabad,30,Business,0,91,82,-1,1.0,0.91,0.9730000000000001
CUST_455,45,Male,Mumbai,2,Business,0,84,5,-1,0.06666666666666667,0.84,0.48533333333333334
CUST_456,28,Male,Pune,25,Personal,0,62,32,-1,0.8333333333333334,0.62,0.8026666666666666
CUST_457,22,Male,Mumbai,27,Business,2,87,28,-1,0.9,0.87,0.5110000000000001
CUST_458,28,Male,Mumbai,12,Seasonal,2,37,41,-1,0.4,0.37,0.11099999999999999
CUST_459,55,Female,Hyderabad,10,Personal,2,20,77,-1,0.3333333333333333,0.2,0.026666666666666644
CUST_460,30,Male,Delhi,3,Personal,1,52,14,-1,0.1,0.52,0.20600000000000002
CUST_461,56,Female,Hyderabad,3,Business,0,92,66,-1,0.1,0.92,0.526
CUST_462,56,Female,Pune,26,Seasonal,0,71,56,-1,0.8666666666666667,0.71,0.8463333333333334
CUST_463,37,Male,Chennai,3,Seasonal,0,25,45,-1,0.1,0.25,0.325
CUST_464,22,Male,Chennai,3,Business,0,50,89,-1,0.1,0.5,0.4
CUST_465,56,Female,Hyderabad,9,Business,2,96,12,-1,0.3,0.96,0.23799999999999993
CUST_466,47,Male,Hyderabad,0,Business,1,75,14,-1,0.0,0.75,0.22499999999999998
CUST_467,38,Female,Delhi,1,Personal,0,62,54,-1,0.03333333333333333,0.62,0.4026666666666667
CUST_468,59,Male,Pune,2,Business,0,63,75,-1,0.06666666666666667,0.63,0.42233333333333334
CUST_469,32,Male,Mumbai,1,Personal,2,82,48,-1,0.03333333333333333,0.82,0.06266666666666665
CUST_470,52,Female,Pune,25,Business,1,14,58,-1,0.8333333333333334,0.14,0.45866666666666667
CUST_471,58,Male,Pune,29,Personal,1,19,79,-1,0.9666666666666667,0.19,0.5403333333333333
CUST_472,61,Male,Hyderabad,1,Personal,0,22,38,-1,0.03333333333333333,0.22,0.2826666666666667
CUST_473,48,Male,Pune,1,Seasonal,1,52,89,-1,0.03333333333333333,0.52,0.17266666666666666
CUST_474,25,Female,Delhi,30,Personal,2,48,71,-1,1.0,0.48,0.444
CUST_475,38,Female,Mumbai,28,Personal,2,88,63,-1,0.9333333333333333,0.88,0.5306666666666666
CUST_476,60,Male,Delhi,1,Personal,1,43,23,-1,0.03333333333333333,0.43,0.14566666666666667
CUST_477,26,Female,Mumbai,0,Seasonal,2,80,64,-1,0.0,0.8,0.03999999999999998
CUST_478,36,Female,Hyderabad,2,Business,1,95,75,-1,0.06666666666666667,0.95,0.3183333333333333
CUST_479,48,Female,Delhi,0,Seasonal,2,36,83,-1,0.0,0.36,-0.09200000000000001
CUST_480,36,Female,Hyderabad,2,Personal,0,52,11,-1,0.06666666666666667,0.52,0.3893333333333333
CUST_481,59,Male,Mumbai,27,Business,0,23,82,-1,0.9,0.23,0.7190000000000001
CUST_482,68,Male,Delhi,0,Personal,0,30,41,-1,0.0,0.3,0.29000000000000004
CUST_483,19,Female,Hyderabad,1,Seasonal,0,33,59,-1,0.03333333333333333,0.33,0.31566666666666665
CUST_484,29,Female,Pune,29,Personal,1,14,9,-1,0.9666666666666667,0.14,0.5253333333333333
CUST_485,27,Male,Mumbai,9,Personal,2,92,42,-1,0.3,0.92,0.22600000000000003
CUST_486,65,Female,Pune,1,Personal,2,17,6,-1,0.03333333333333333,0.17,-0.13233333333333336
CUST_487,22,Female,Hyderabad,1,Seasonal,1,83,73,-1,0.03333333333333333,0.83,0.26566666666666666
CUST_488,47,Male,Chennai,1,Seasonal,0,20,50,-1,0.03333333333333333,0.2,0.27666666666666667
CUST_489,46,Female,Mumbai,2,Personal,1,62,8,-1,0.06666666666666667,0.62,0.21933333333333332
CUST_490,28,Male,Chennai,8,Seasonal,0,28,54,-1,0.26666666666666666,0.28,0.41733333333333333
CUST_491,36,Male,Delhi,2,Business,0,18,42,-1,0.06666666666666667,0.18,0.28733333333333333
CUST_492,18,Female,Delhi,2,Seasonal,1,49,5,-1,0.06666666666666667,0.49,0.18033333333333332
CUST_493,23,Female,Mumbai,1,Business,0,55,75,-1,0.03333333333333333,0.55,0.3816666666666667
CUST_494,46,Male,Chennai,1,Business,1,59,37,-1,0.03333333333333333,0.59,0.19366666666666665
CUST_495,18,Female,Chennai,1,Seasonal,0,10,6,-1,0.03333333333333333,0.1,0.24666666666666667
CUST_496,58,Male,Hyderabad,1,Business,2,83,8,-1,0.03333333333333333,0.83,0.06566666666666665
CUST_497,22,Female,Mumbai,26,Seasonal,2,15,86,-1,0.8666666666666667,0.15,0.2783333333333333
CUST_498,28,Female,Mumbai,10,Seasonal,1,13,19,-1,0.3333333333333333,0.13,0.20566666666666666
CUST_499,29,Female,Chennai,1,Seasonal,1,31,37,-1,0.03333333333333333,0.31,0.10966666666666666
CUST_500,24,Male,Delhi,2,Seasonal,2,10,22,-1,0.06666666666666667,0.1,-0.1366666666666667
CUST_501,59,Male,Hyderabad,27,Personal,0,40,29,-1,0.9,0.4,0.77
CUST_502,65,Male,Pune,1,Business,1,40,7,-1,0.03333333333333333,0.4,0.13666666666666666
CUST_503,53,Female,Chennai,27,Business,2,13,86,-1,0.9,0.13,0.289
CUST_504,41,Female,Delhi,28,Business,0,14,21,-1,0.9333333333333333,0.14,0.7086666666666668
CUST_505,58,Male,Chennai,1,Business,2,89,87,-1,0.03333333333333333,0.89,0.08366666666666667
CUST_506,50,Female,Chennai,1,Personal,0,35,28,-1,0.03333333333333333,0.35,0.32166666666666666
CUST_507,55,Female,Delhi,26,Seasonal,2,69,51,-1,0.8666666666666667,0.69,0.4403333333333333
CUST_508,53,Male,Hyderabad,29,Seasonal,1,77,74,-1,0.9666666666666667,0.77,0.7143333333333333
CUST_509,19,Male,Chennai,27,Personal,2,19,82,-1,0.9,0.19,0.307
CUST_510,40,Male,Mumbai,2,Seasonal,1,96,28,-1,0.06666666666666667,0.96,0.3213333333333333
CUST_511,59,Male,Delhi,1,Business,0,90,78,-1,0.03333333333333333,0.9,0.4866666666666667
CUST_512,53,Female,Pune,28,Seasonal,0,29,53,-1,0.9333333333333333,0.29,0.7536666666666667
CUST_513,19,Male,Chennai,2,Seasonal,1,12,89,-1,0.06666666666666667,0.12,0.06933333333333333
CUST_514,56,Male,Pune,28,Personal,2,22,14,-1,0.9333333333333333,0.22,0.3326666666666666
CUST_515,24,Female,Pune,30,Seasonal,0,95,86,-1,1.0,0.95,0.9849999999999999
CUST_516,51,Male,Hyderabad,1,Seasonal,2,65,6,-1,0.03333333333333333,0.65,0.011666666666666659
CUST_517,64,Male,Delhi,3,Business,0,10,47,-1,0.1,0.1,0.28
CUST_518,25,Male,Chennai,1,Personal,1,59,50,-1,0.03333333333333333,0.59,0.19366666666666665
CUST_519,36,Female,Mumbai,29,Business,0,22,50,-1,0.9666666666666667,0.22,0.7493333333333334
CUST_520,68,Female,Delhi,2,Seasonal,0,73,64,-1,0.06666666666666667,0.73,0.45233333333333337
CUST_521,33,Female,Chennai,11,Personal,0,11,59,-1,0.36666666666666664,0.11,0.41633333333333333
CUST_522,26,Female,Delhi,1,Seasonal,2,52,41,-1,0.03333333333333333,0.52,-0.02733333333333335
CUST_523,56,Female,Pune,3,Business,2,54,42,-1,0.1,0.54,0.01200000000000001
CUST_524,63,Male,Mumbai,1,Business,2,42,31,-1,0.03333333333333333,0.42,-0.05733333333333335
CUST_525,30,Male,Mumbai,1,Personal,1,72,10,-1,0.03333333333333333,0.72,0.23266666666666666
CUST_526,64,Female,Delhi,29,Seasonal,1,11,80,-1,0.9666666666666667,0.11,0.5163333333333333
CUST_527,51,Female,Pune,1,Seasonal,2,86,82,-1,0.03333333333333333,0.86,0.07466666666666666
CUST_528,67,Female,Chennai,27,Personal,0,68,39,-1,0.9,0.68,0.8540000000000001
CUST_529,22,Female,Mumbai,0,Business,1,99,57,-1,0.0,0.99,0.297
CUST_530,26,Female,Chennai,0,Seasonal,1,83,8,-1,0.0,0.83,0.24899999999999997
CUST_531,63,Female,Delhi,10,Personal,0,70,24,-1,0.3333333333333333,0.7,0.5766666666666667
CUST_532,59,Female,Hyderabad,1,Business,0,83,45,-1,0.03333333333333333,0.83,0.4656666666666667
CUST_533,54,Female,Delhi,3,Business,2,73,33,-1,0.1,0.73,0.069
CUST_534,69,Female,Hyderabad,2,Seasonal,0,45,8,-1,0.06666666666666667,0.45,0.36833333333333335
CUST_535,48,Male,Mumbai,1,Personal,0,51,41,-1,0.03333333333333333,0.51,0.3696666666666667
CUST_536,33,Male,Mumbai,27,Business,0,41,46,-1,0.9,0.41,0.7729999999999999
CUST_537,22,Female,Chennai,25,Business,1,95,57,-1,0.8333333333333334,0.95,0.7016666666666667
CUST_538,28,Female,Mumbai,2,Business,0,51,10,-1,0.06666666666666667,0.51,0.3863333333333333
CUST_539,41,Female,Mumbai,8,Seasonal,1,22,45,-1,0.26666666666666666,0.22,0.19933333333333333
CUST_540,45,Female,Chennai,28,Personal,0,96,31,-1,0.9333333333333333,0.96,0.9546666666666666
CUST_541,24,Female,Pune,1,Personal,2,70,49,-1,0.03333333333333333,0.7,0.026666666666666644
CUST_542,30,Female,Chennai,25,Seasonal,1,63,25,-1,0.8333333333333334,0.63,0.6056666666666667
CUST_543,64,Female,Mumbai,1,Seasonal,1,16,6,-1,0.03333333333333333,0.16,0.06466666666666666
CUST_544,50,Male,Chennai,12,Personal,0,90,6,-1,0.4,0.9,0.67
CUST_545,53,Male,Mumbai,11,Business,0,80,8,-1,0.36666666666666664,0.8,0.6233333333333333
CUST_546,29,Male,Chennai,2,Business,0,12,31,-1,0.06666666666666667,0.12,0.2693333333333333
CUST_547,42,Male,Mumbai,3,Personal,2,55,54,-1,0.1,0.55,0.015000000000000013
CUST_548,19,Male,Chennai,3,Personal,2,59,47,-1,0.1,0.59,0.02699999999999997
CUST_549,27,Male,Mumbai,0,Business,2,48,79,-1,0.0,0.48,-0.05600000000000002
CUST_550,57,Female,Chennai,3,Business,2,35,78,-1,0.1,0.35,-0.04500000000000001
CUST_551,64,Male,Chennai,9,Seasonal,1,96,9,-1,0.3,0.96,0.43799999999999994
CUST_552,27,Male,Mumbai,3,Business,2,34,38,-1,0.1,0.34,-0.04799999999999999
CUST_553,63,Female,Delhi,8,Seasonal,0,66,9,-1,0.26666666666666666,0.66,0.5313333333333334
CUST_554,56,Male,Pune,12,Business,0,72,89,-1,0.4,0.72,0.6160000000000001
CUST_555,49,Female,Mumbai,29,Seasonal,1,87,26,-1,0.9666666666666667,0.87,0.7443333333333333
CUST_556,25,Male,Mumbai,11,Seasonal,1,47,35,-1,0.36666666666666664,0.47,0.3243333333333333
CUST_557,62,Male,Chennai,10,Personal,0,11,45,-1,0.3333333333333333,0.11,0.39966666666666667
CUST_558,62,Female,Delhi,1,Seasonal,1,93,73,-1,0.03333333333333333,0.93,0.2956666666666667
CUST_559,25,Female,Pune,3,Seasonal,0,34,88,-1,0.1,0.34,0.35200000000000004
CUST_560,55,Male,Mumbai,1,Seasonal,0,80,21,-1,0.03333333333333333,0.8,0.45666666666666667
CUST_561,51,Female,Chennai,27,Business,0,34,25,-1,0.9,0.34,0.752
CUST_562,53,Female,Pune,30,Seasonal,2,24,62,-1,1.0,0.24,0.37199999999999994
CUST_563,21,Female,Mumbai,3,Seasonal,1,86,5,-1,0.1,0.86,0.308
CUST_564,44,Female,Chennai,2,Business,1,30,65,-1,0.06666666666666667,0.3,0.12333333333333332
CUST_565,51,Female,Hyderabad,2,Seasonal,2,91,81,-1,0.06666666666666667,0.91,0.10633333333333334
CUST_566,22,Male,Mumbai,0,Business,0,77,43,-1,0.0,0.77,0.431
CUST_567,65,Female,Chennai,1,Seasonal,1,49,67,-1,0.03333333333333333,0.49,0.16366666666666665
CUST_568,69,Female,Hyderabad,28,Seasonal,2,70,9,-1,0.9333333333333333,0.7,0.4766666666666666
CUST_569,52,Male,Mumbai,0,Personal,1,71,76,-1,0.0,0.71,0.213
CUST_570,28,Male,Mumbai,2,Personal,2,70,44,-1,0.06666666666666667,0.7,0.04333333333333331
CUST_571,64,Male,Pune,0,Personal,0,98,56,-1,0.0,0.98,0.494
CUST_572,48,Male,Pune,12,Business,2,11,57,-1,0.4,0.11,0.033
CUST_573,38,Male,Delhi,27,Business,1,53,87,-1,0.9,0.53,0.609
CUST_574,43,Female,Mumbai,8,Seasonal,0,32,85,-1,0.26666666666666666,0.32,0.42933333333333334
CUST_575,36,Female,Delhi,27,Seasonal,2,25,59,-1,0.9,0.25,0.325
CUST_576,65,Male,Hyderabad,2,Seasonal,2,53,83,-1,0.06666666666666667,0.53,-0.007666666666666683
CUST_577,26,Female,Mumbai,12,Personal,1,78,36,-1,0.4,0.78,0.434
CUST_578,32,Male,Hyderabad,3,Seasonal,2,88,15,-1,0.1,0.88,0.11399999999999999
CUST_579,31,Male,Hyderabad,2,Personal,1,68,13,-1,0.06666666666666667,0.68,0.23733333333333334
CUST_580,30,Female,Mumbai,3,Personal,2,17,63,-1,0.1,0.17,-0.099
CUST_581,36,Female,Delhi,1,Personal,1,52,50,-1,0.03333333333333333,0.52,0.17266666666666666
CUST_582,22,Female,Pune,2,Personal,1,51,80,-1,0.06666666666666667,0.51,0.18633333333333332
CUST_583,68,Female,Hyderabad,2,Seasonal,0,16,17,-1,0.06666666666666667,0.16,0.2813333333333333
CUST_584,25,Female,Hyderabad,11,Business,1,52,60,-1,0.36666666666666664,0.52,0.3393333333333333
CUST_585,54,Female,Delhi,1,Personal,0,34,79,-1,0.03333333333333333,0.34,0.31866666666666665
CUST_586,64,Male,Chennai,2,Seasonal,1,97,33,-1,0.06666666666666667,0.97,0.3243333333333333
CUST_587,53,Male,Pune,1,Business,0,90,85,-1,0.03333333333333333,0.9,0.4866666666666667
CUST_588,63,Male,Chennai,10,Personal,2,14,53,-1,0.3333333333333333,0.14,0.008666666666666656
CUST_589,49,Female,Delhi,26,Business,1,69,59,-1,0.8666666666666667,0.69,0.6403333333333333
CUST_590,32,Female,Delhi,25,Seasonal,0,96,38,-1,0.8333333333333334,0.96,0.9046666666666667
CUST_591,47,Female,Pune,12,Personal,1,78,89,-1,0.4,0.78,0.434
CUST_592,23,Female,Delhi,1,Seasonal,1,57,66,-1,0.03333333333333333,0.57,0.18766666666666665
CUST_593,45,Female,Mumbai,1,Business,1,88,8,-1,0.03333333333333333,0.88,0.2806666666666667
CUST_594,53,Male,Hyderabad,2,Personal,0,20,11,-1,0.06666666666666667,0.2,0.29333333333333333
CUST_595,58,Male,Mumbai,0,Personal,1,68,79,-1,0.0,0.68,0.20400000000000001
CUST_596,31,Male,Pune,26,Business,0,83,10,-1,0.8666666666666667,0.83,0.8823333333333334
CUST_597,63,Male,Delhi,3,Personal,0,88,7,-1,0.1,0.88,0.514
CUST_598,37,Male,Delhi,28,Personal,0,80,59,-1,0.9333333333333333,0.8,0.9066666666666667
CUST_599,23,Female,Delhi,3,Business,0,67,85,-1,0.1,0.67,0.451
CUST_600,67,Female,Mumbai,2,Personal,1,11,83,-1,0.06666666666666667,0.11,0.06633333333333333
CUST_601,30,Male,Hyderabad,10,Seasonal,0,36,31,-1,0.3333333333333333,0.36,0.4746666666666667
CUST_602,56,Male,Pune,28,Personal,2,79,22,-1,0.9333333333333333,0.79,0.5036666666666667
CUST_603,43,Male,Pune,29,Business,2,54,39,-1,0.9666666666666667,0.54,0.4453333333333333
CUST_604,27,Male,Delhi,2,Personal,2,96,51,-1,0.06666666666666667,0.96,0.1213333333333333
CUST_605,60,Female,Pune,28,Seasonal,2,57,67,-1,0.9333333333333333,0.57,0.4376666666666666
CUST_606,41,Male,Mumbai,26,Seasonal,0,46,42,-1,0.8666666666666667,0.46,0.7713333333333334
CUST_607,35,Male,Hyderabad,11,Personal,0,31,52,-1,0.36666666666666664,0.31,0.47633333333333333
CUST_608,50,Male,Mumbai,1,Personal,0,26,12,-1,0.03333333333333333,0.26,0.2946666666666667
CUST_609,25,Male,Mumbai,12,Seasonal,0,59,72,-1,0.4,0.59,0.577
CUST_610,38,Female,Hyderabad,2,Seasonal,2,99,64,-1,0.06666666666666667,0.99,0.1303333333333333
CUST_611,23,Male,Delhi,0,Seasonal,2,88,52,-1,0.0,0.88,0.064
CUST_612,29,Male,Mumbai,8,Personal,1,67,77,-1,0.26666666666666666,0.67,0.33433333333333337
CUST_613,25,Male,Delhi,2,Business,1,40,37,-1,0.06666666666666667,0.4,0.15333333333333332
CUST_614,66,Male,Chennai,2,Business,2,30,84,-1,0.06666666666666667,0.3,-0.07666666666666669
CUST_615,27,Female,Delhi,1,Personal,2,72,47,-1,0.03333333333333333,0.72,0.03266666666666665
CUST_616,22,Female,Hyderabad,1,Business,2,46,77,-1,0.03333333333333333,0.46,-0.04533333333333334
CUST_617,44,Female,Hyderabad,3,Personal,2,63,61,-1,0.1,0.63,0.03899999999999998
CUST_618,42,Male,Pune,1,Business,0,52,22,-1,0.03333333333333333,0.52,0.3726666666666667
CUST_619,31,Male,Chennai,30,Seasonal,2,72,26,-1,1.0,0.72,0.516
CUST_620,43,Female,Hyderabad,2,Seasonal,1,97,74,-1,0.06666666666666667,0.97,0.3243333333333333
CUST_621,29,Female,Chennai,0,Seasonal,1,41,50,-1,0.0,0.41,0.12299999999999998
CUST_622,59,Male,Pune,1,Business,2,58,71,-1,0.03333333333333333,0.58,-0.00933333333333336
CUST_623,37,Male,Mumbai,1,Seasonal,2,81,19,-1,0.03333333333333333,0.81,0.059666666666666646
CUST_624,20,Male,Chennai,3,Seasonal,2,49,28,-1,0.1,0.49,-0.0030000000000000027
CUST_625,64,Female,Hyderabad,1,Seasonal,1,53,82,-1,0.03333333333333333,0.53,0.17566666666666667
CUST_626,22,Male,Chennai,12,Business,2,85,88,-1,0.4,0.85,0.255
CUST_627,49,Female,Hyderabad,25,Business,2,34,61,-1,0.8333333333333334,0.34,0.3186666666666667
CUST_628,48,Male,Pune,11,Business,0,60,86,-1,0.36666666666666664,0.6,0.5633333333333332
CUST_629,66,Female,Mumbai,1,Business,2,72,63,-1,0.03333333333333333,0.72,0.03266666666666665
CUST_630,27,Male,Hyderabad,1,Business,2,12,54,-1,0.03333333333333333,0.12,-0.14733333333333334
CUST_631,63,Female,Delhi,1,Business,0,19,73,-1,0.03333333333333333,0.19,0.27366666666666667
CUST_632,35,Female,Chennai,1,Personal,1,92,21,-1,0.03333333333333333,0.92,0.2926666666666667
CUST_633,37,Female,Delhi,1,Business,1,44,71,-1,0.03333333333333333,0.44,0.14866666666666667
CUST_634,58,Male,Mumbai,1,Business,0,82,82,-1,0.03333333333333333,0.82,0.46266666666666667
CUST_635,62,Male,Mumbai,0,Personal,0,72,66,-1,0.0,0.72,0.41600000000000004
CUST_636,66,Male,Pune,1,Personal,1,37,5,-1,0.03333333333333333,0.37,0.12766666666666668
CUST_637,44,Female,Hyderabad,9,Personal,0,19,24,-1,0.3,0.19,0.40700000000000003
CUST_638,38,Male,Chennai,0,Seasonal,2,57,34,-1,0.0,0.57,-0.029000000000000026
CUST_639,39,Male,Chennai,1,Seasonal,2,32,74,-1,0.03333333333333333,0.32,-0.08733333333333335
CUST_640,28,Female,Delhi,2,Personal,0,67,74,-1,0.06666666666666667,0.67,0.43433333333333335
CUST_641,21,Female,Mumbai,1,Personal,1,69,44,-1,0.03333333333333333,0.69,0.22366666666666665
CUST_642,26,Female,Pune,9,Business,0,88,25,-1,0.3,0.88,0.6140000000000001
CUST_643,59,Male,Chennai,0,Seasonal,2,30,56,-1,0.0,0.3,-0.11000000000000001
CUST_644,50,Female,Mumbai,12,Seasonal,1,31,52,-1,0.4,0.31,0.29300000000000004
CUST_645,21,Male,Mumbai,0,Business,2,34,31,-1,0.0,0.34,-0.098
CUST_646,49,Female,Delhi,2,Seasonal,0,53,37,-1,0.06666666666666667,0.53,0.3923333333333333
CUST_647,55,Male,Chennai,1,Personal,0,33,6,-1,0.03333333333333333,0.33,0.31566666666666665
CUST_648,40,Male,Chennai,3,Personal,1,74,71,-1,0.1,0.74,0.272
CUST_649,27,Male,Chennai,1,Business,2,56,44,-1,0.03333333333333333,0.56,-0.015333333333333338
CUST_650,22,Female,Chennai,27,Personal,2,65,22,-1,0.9,0.65,0.445
CUST_651,41,Male,Hyderabad,10,Business,0,82,85,-1,0.3333333333333333,0.82,0.6126666666666667
CUST_652,46,Male,Chennai,1,Seasonal,2,28,14,-1,0.03333333333333333,0.28,-0.09933333333333334
CUST_653,49,Female,Pune,0,Personal,2,26,82,-1,0.0,0.26,-0.12200000000000001
CUST_654,31,Male,Mumbai,1,Seasonal,1,91,41,-1,0.03333333333333333,0.91,0.2896666666666667
CUST_655,22,Female,Delhi,30,Seasonal,2,93,17,-1,1.0,0.93,0.579
CUST_656,43,Female,Chennai,2,Personal,1,99,53,-1,0.06666666666666667,0.99,0.3303333333333333
CUST_657,55,Female,Pune,8,Personal,0,15,60,-1,0.26666666666666666,0.15,0.37833333333333335
CUST_658,54,Female,Pune,0,Business,1,47,62,-1,0.0,0.47,0.141
CUST_659,47,Female,Mumbai,1,Business,2,61,21,-1,0.03333333333333333,0.61,-0.00033333333333335213
CUST_660,31,Male,Chennai,10,Business,0,46,87,-1,0.3333333333333333,0.46,0.5046666666666666
CUST_661,29,Male,Pune,0,Personal,2,40,79,-1,0.0,0.4,-0.08000000000000002
CUST_662,54,Female,Pune,1,Seasonal,0,22,44,-1,0.03333333333333333,0.22,0.2826666666666667
CUST_663,31,Male,Pune,2,Business,2,87,13,-1,0.06666666666666667,0.87,0.09433333333333332
CUST_664,46,Male,Hyderabad,1,Personal,2,62,45,-1,0.03333333333333333,0.62,0.0026666666666666505
CUST_665,48,Male,Mumbai,2,Seasonal,0,35,9,-1,0.06666666666666667,0.35,0.3383333333333334
CUST_666,58,Female,Hyderabad,30,Seasonal,0,51,8,-1,1.0,0.51,0.853
CUST_667,58,Female,Delhi,1,Seasonal,2,90,45,-1,0.03333333333333333,0.9,0.08666666666666667
CUST_668,21,Male,Pune,9,Business,1,68,58,-1,0.3,0.68,0.354
CUST_669,28,Male,Mumbai,1,Personal,2,29,23,-1,0.03333333333333333,0.29,-0.09633333333333335
CUST_670,56,Male,Chennai,2,Business,2,85,21,-1,0.06666666666666667,0.85,0.08833333333333332
CUST_671,51,Male,Delhi,10,Business,0,45,47,-1,0.3333333333333333,0.45,0.5016666666666667
CUST_672,54,Male,Delhi,29,Seasonal,2,37,27,-1,0.9666666666666667,0.37,0.39433333333333337
CUST_673,66,Female,Hyderabad,1,Business,0,43,80,-1,0.03333333333333333,0.43,0.3456666666666667
CUST_674,49,Female,Delhi,27,Business,0,27,71,-1,0.9,0.27,0.7310000000000001
CUST_675,67,Female,Mumbai,12,Business,0,96,33,-1,0.4,0.96,0.688
CUST_676,58,Female,Hyderabad,1,Personal,1,64,61,-1,0.03333333333333333,0.64,0.20866666666666667
CUST_677,25,Male,Mumbai,1,Seasonal,1,72,16,-1,0.03333333333333333,0.72,0.23266666666666666
CUST_678,25,Female,Pune,1,Personal,2,51,56,-1,0.03333333333333333,0.51,-0.03033333333333335
CUST_679,29,Male,Chennai,1,Business,0,20,10,-1,0.03333333333333333,0.2,0.27666666666666667
CUST_680,55,Male,Mumbai,1,Business,1,98,39,-1,0.03333333333333333,0.98,0.31066666666666665
CUST_681,63,Female,Chennai,1,Business,0,50,84,-1,0.03333333333333333,0.5,0.3666666666666667
CUST_682,68,Female,Pune,28,Personal,1,73,73,-1,0.9333333333333333,0.73,0.6856666666666666
CUST_683,25,Female,Pune,1,Seasonal,2,52,62,-1,0.03333333333333333,0.52,-0.02733333333333335
CUST_684,25,Male,Chennai,0,Seasonal,0,32,60,-1,0.0,0.32,0.29600000000000004
CUST_685,54,Female,Hyderabad,2,Business,1,64,48,-1,0.06666666666666667,0.64,0.22533333333333333
CUST_686,54,Female,Hyderabad,1,Seasonal,2,41,45,-1,0.03333333333333333,0.41,-0.06033333333333335
CUST_687,54,Female,Delhi,1,Business,1,31,56,-1,0.03333333333333333,0.31,0.10966666666666666
CUST_688,46,Male,Mumbai,9,Business,2,70,28,-1,0.3,0.7,0.15999999999999998
CUST_689,63,Female,Chennai,11,Business,1,58,45,-1,0.36666666666666664,0.58,0.3573333333333333
CUST_690,57,Male,Pune,8,Business,0,86,16,-1,0.26666666666666666,0.86,0.5913333333333333
CUST_691,46,Female,Mumbai,2,Business,1,56,47,-1,0.06666666666666667,0.56,0.20133333333333334
CUST_692,45,Male,Pune,2,Seasonal,1,64,43,-1,0.06666666666666667,0.64,0.22533333333333333
CUST_693,41,Female,Chennai,1,Business,2,86,34,-1,0.03333333333333333,0.86,0.07466666666666666
CUST_694,49,Male,Delhi,1,Seasonal,1,19,14,-1,0.03333333333333333,0.19,0.07366666666666666
CUST_695,68,Female,Delhi,1,Personal,0,55,27,-1,0.03333333333333333,0.55,0.3816666666666667
CUST_696,64,Female,Chennai,3,Business,0,23,40,-1,0.1,0.23,0.319
CUST_697,66,Female,Mumbai,1,Personal,2,26,24,-1,0.03333333333333333,0.26,-0.10533333333333335
CUST_698,39,Female,Delhi,1,Seasonal,1,68,19,-1,0.03333333333333333,0.68,0.22066666666666668
CUST_699,67,Female,Mumbai,1,Seasonal,0,16,21,-1,0.03333333333333333,0.16,0.26466666666666666
CUST_700,61,Female,Mumbai,2,Seasonal,0,95,25,-1,0.06666666666666667,0.95,0.5183333333333333
CUST_701,46,Female,Hyderabad,1,Seasonal,2,45,63,-1,0.03333333333333333,0.45,-0.04833333333333334
CUST_702,59,Male,Hyderabad,1,Seasonal,0,87,88,-1,0.03333333333333333,0.87,0.4776666666666667
CUST_703,64,Female,Chennai,2,Business,2,73,51,-1,0.06666666666666667,0.73,0.05233333333333334
CUST_704,49,Female,Chennai,25,Business,1,62,50,-1,0.8333333333333334,0.62,0.6026666666666667
CUST_705,49,Male,Hyderabad,3,Personal,1,44,31,-1,0.1,0.44,0.182
CUST_706,45,Male,Pune,10,Personal,1,33,61,-1,0.3333333333333333,0.33,0.26566666666666666
CUST_707,22,Male,Delhi,2,Personal,2,98,10,-1,0.06666666666666667,0.98,0.1273333333333333
CUST_708,59,Male,Chennai,2,Business,1,85,20,-1,0.06666666666666667,0.85,0.28833333333333333
CUST_709,60,Male,Delhi,9,Seasonal,2,59,9,-1,0.3,0.59,0.12699999999999995
CUST_710,49,Male,Hyderabad,28,Seasonal,0,11,57,-1,0.9333333333333333,0.11,0.6996666666666667
CUST_711,25,Male,Pune,1,Personal,1,26,6,-1,0.03333333333333333,0.26,0.09466666666666666
CUST_712,43,Female,Chennai,1,Seasonal,1,30,12,-1,0.03333333333333333,0.3,0.10666666666666666
CUST_713,37,Female,Chennai,1,Personal,1,37,6,-1,0.03333333333333333,0.37,0.12766666666666668
CUST_714,62,Female,Hyderabad,30,Business,1,54,6,-1,1.0,0.54,0.662
CUST_715,20,Female,Pune,1,Personal,2,94,81,-1,0.03333333333333333,0.94,0.09866666666666662
CUST_716,35,Female,Mumbai,1,Seasonal,2,14,48,-1,0.03333333333333333,0.14,-0.14133333333333334
CUST_717,42,Male,Mumbai,11,Seasonal,1,92,72,-1,0.36666666666666664,0.92,0.45933333333333337
CUST_718,64,Female,Delhi,3,Seasonal,1,84,71,-1,0.1,0.84,0.302
CUST_719,55,Male,Chennai,9,Seasonal,1,43,76,-1,0.3,0.43,0.279
CUST_720,28,Male,Hyderabad,25,Personal,2,65,8,-1,0.8333333333333334,0.65,0.4116666666666667
CUST_721,44,Female,Pune,2,Seasonal,0,92,32,-1,0.06666666666666667,0.92,0.5093333333333334
CUST_722,21,Female,Chennai,1,Personal,2,51,57,-1,0.03333333333333333,0.51,-0.03033333333333335
CUST_723,44,Male,Hyderabad,8,Business,1,93,27,-1,0.26666666666666666,0.93,0.41233333333333333
CUST_724,27,Male,Pune,1,Seasonal,0,53,24,-1,0.03333333333333333,0.53,0.3756666666666667
CUST_725,36,Male,Chennai,3,Personal,2,10,86,-1,0.1,0.1,-0.12000000000000001
CUST_726,68,Male,Delhi,11,Seasonal,1,87,51,-1,0.36666666666666664,0.87,0.44433333333333336
CUST_727,50,Male,Chennai,28,Seasonal,2,61,67,-1,0.9333333333333333,0.61,0.4496666666666666
CUST_728,21,Male,Mumbai,1,Business,0,51,32,-1,0.03333333333333333,0.51,0.3696666666666667
CUST_729,29,Male,Mumbai,0,Business,1,63,31,-1,0.0,0.63,0.189
CUST_730,24,Male,Mumbai,9,Business,0,82,61,-1,0.3,0.82,0.596
CUST_731,27,Male,Chennai,2,Business,1,80,6,-1,0.06666666666666667,0.8,0.2733333333333333
CUST_732,36,Female,Hyderabad,2,Business,1,54,74,-1,0.06666666666666667,0.54,0.19533333333333333
CUST_733,28,Male,Hyderabad,0,Seasonal,1,58,19,-1,0.0,0.58,0.174
CUST_734,68,Female,Delhi,1,Personal,0,54,75,-1,0.03333333333333333,0.54,0.3786666666666667
CUST_735,54,Male,Delhi,1,Seasonal,0,48,71,-1,0.03333333333333333,0.48,0.3606666666666667
CUST_736,51,Female,Mumbai,12,Seasonal,2,19,33,-1,0.4,0.19,0.056999999999999995
CUST_737,28,Male,Pune,1,Business,0,58,44,-1,0.03333333333333333,0.58,0.39066666666666666
CUST_738,43,Male,Hyderabad,9,Business,1,86,45,-1,0.3,0.86,0.40800000000000003
CUST_739,50,Female,Mumbai,1,Personal,1,65,13,-1,0.03333333333333333,0.65,0.21166666666666667
CUST_740,33,Male,Delhi,10,Personal,0,77,59,-1,0.3333333333333333,0.77,0.5976666666666666
CUST_741,28,Male,Mumbai,1,Personal,2,15,52,-1,0.03333333333333333,0.15,-0.13833333333333336
CUST_742,44,Female,Chennai,1,Seasonal,2,36,64,-1,0.03333333333333333,0.36,-0.07533333333333335
CUST_743,50,Female,Delhi,10,Personal,1,84,12,-1,0.3333333333333333,0.84,0.41866666666666663
CUST_744,69,Female,Chennai,2,Business,0,69,77,-1,0.06666666666666667,0.69,0.44033333333333335
CUST_745,56,Male,Pune,10,Seasonal,1,79,42,-1,0.3333333333333333,0.79,0.4036666666666666
CUST_746,41,Male,Hyderabad,3,Seasonal,1,23,68,-1,0.1,0.23,0.11900000000000001
CUST_747,24,Male,Delhi,2,Personal,1,84,49,-1,0.06666666666666667,0.84,0.2853333333333333
CUST_748,62,Male,Hyderabad,1,Seasonal,0,11,17,-1,0.03333333333333333,0.11,0.24966666666666668
CUST_749,57,Female,Pune,1,Seasonal,0,78,82,-1,0.03333333333333333,0.78,0.45066666666666666
CUST_750,69,Male,Pune,1,Seasonal,0,69,22,-1,0.03333333333333333,0.69,0.42366666666666664
CUST_751,68,Female,Chennai,9,Business,0,45,23,-1,0.3,0.45,0.48500000000000004
CUST_752,64,Female,Hyderabad,3,Seasonal,0,42,32,-1,0.1,0.42,0.376
CUST_753,61,Female,Pune,1,Business,2,61,34,-1,0.03333333333333333,0.61,-0.00033333333333335213
CUST_754,19,Female,Delhi,1,Personal,1,24,63,-1,0.03333333333333333,0.24,0.08866666666666666
CUST_755,55,Male,Mumbai,9,Business,0,21,51,-1,0.3,0.21,0.41300000000000003
CUST_756,54,Female,Pune,1,Seasonal,0,94,59,-1,0.03333333333333333,0.94,0.49866666666666665
CUST_757,65,Male,Delhi,0,Seasonal,2,12,49,-1,0.0,0.12,-0.164
CUST_758,32,Female,Pune,2,Seasonal,0,53,74,-1,0.06666666666666667,0.53,0.3923333333333333
CUST_759,27,Male,Pune,9,Seasonal,0,22,68,-1,0.3,0.22,0.41600000000000004
CUST_760,30,Male,Pune,0,Personal,1,21,82,-1,0.0,0.21,0.063
CUST_761,41,Male,Mumbai,0,Seasonal,1,18,5,-1,0.0,0.18,0.054
CUST_762,61,Female,Pune,0,Business,1,33,60,-1,0.0,0.33,0.099
CUST_763,52,Male,Chennai,10,Business,1,76,27,-1,0.3333333333333333,0.76,0.3946666666666666
CUST_764,57,Male,Mumbai,3,Seasonal,1,80,54,-1,0.1,0.8,0.29
CUST_765,62,Female,Hyderabad,2,Personal,0,42,27,-1,0.06666666666666667,0.42,0.35933333333333334
CUST_766,18,Female,Chennai,0,Business,1,24,60,-1,0.0,0.24,0.072
CUST_767,59,Male,Delhi,25,Seasonal,2,62,29,-1,0.8333333333333334,0.62,0.4026666666666667
CUST_768,66,Male,Hyderabad,11,Seasonal,2,80,69,-1,0.36666666666666664,0.8,0.22333333333333333
CUST_769,60,Female,Pune,9,Business,2,15,20,-1,0.3,0.15,-0.0050000000000000044
CUST_770,28,Male,Hyderabad,8,Seasonal,2,81,59,-1,0.26666666666666666,0.81,0.1763333333333333
CUST_771,66,Male,Mumbai,29,Business,2,85,9,-1,0.9666666666666667,0.85,0.5383333333333333
CUST_772,47,Male,Chennai,1,Seasonal,2,67,27,-1,0.03333333333333333,0.67,0.017666666666666664
CUST_773,64,Male,Chennai,3,Business,2,43,22,-1,0.1,0.43,-0.02100000000000002
CUST_774,39,Female,Hyderabad,1,Seasonal,1,85,45,-1,0.03333333333333333,0.85,0.27166666666666667
CUST_775,54,Male,Hyderabad,1,Personal,0,25,46,-1,0.03333333333333333,0.25,0.2916666666666667
CUST_776,43,Female,Pune,2,Seasonal,2,62,85,-1,0.06666666666666667,0.62,0.019333333333333313
CUST_777,42,Female,Chennai,1,Seasonal,1,45,39,-1,0.03333333333333333,0.45,0.15166666666666667
CUST_778,53,Male,Delhi,26,Personal,0,34,11,-1,0.8666666666666667,0.34,0.7353333333333334
CUST_779,57,Female,Hyderabad,1,Seasonal,1,63,12,-1,0.03333333333333333,0.63,0.20566666666666666
CUST_780,59,Female,Pune,29,Business,2,77,34,-1,0.9666666666666667,0.77,0.5143333333333333
CUST_781,65,Female,Mumbai,1,Seasonal,2,41,71,-1,0.03333333333333333,0.41,-0.06033333333333335
CUST_782,61,Male,Mumbai,28,Personal,2,31,64,-1,0.9333333333333333,0.31,0.35966666666666663
CUST_783,29,Male,Delhi,1,Business,1,43,39,-1,0.03333333333333333,0.43,0.14566666666666667
CUST_784,41,Male,Chennai,2,Personal,2,11,89,-1,0.06666666666666667,0.11,-0.13366666666666668
CUST_785,52,Female,Chennai,1,Business,2,99,65,-1,0.03333333333333333,0.99,0.11366666666666664
CUST_786,29,Female,Pune,0,Seasonal,0,32,41,-1,0.0,0.32,0.29600000000000004
CUST_787,37,Male,Mumbai,1,Seasonal,2,35,58,-1,0.03333333333333333,0.35,-0.07833333333333335
CUST_788,57,Male,Chennai,1,Business,2,60,27,-1,0.03333333333333333,0.6,-0.003333333333333355
CUST_789,35,Female,Hyderabad,2,Seasonal,0,50,51,-1,0.06666666666666667,0.5,0.3833333333333333
CUST_790,67,Female,Mumbai,2,Seasonal,1,81,38,-1,0.06666666666666667,0.81,0.2763333333333333
CUST_791,40,Male,Hyderabad,2,Business,2,53,49,-1,0.06666666666666667,0.53,-0.007666666666666683
CUST_792,32,Female,Pune,1,Business,0,34,14,-1,0.03333333333333333,0.34,0.31866666666666665
CUST_793,23,Male,Delhi,9,Seasonal,2,31,6,-1,0.3,0.31,0.04299999999999998
CUST_794,56,Male,Mumbai,8,Seasonal,0,15,5,-1,0.26666666666666666,0.15,0.37833333333333335
CUST_795,66,Female,Pune,29,Seasonal,2,26,74,-1,0.9666666666666667,0.26,0.36133333333333334
CUST_796,63,Male,Mumbai,1,Seasonal,1,89,5,-1,0.03333333333333333,0.89,0.2836666666666667
CUST_797,57,Female,Mumbai,2,Personal,2,12,19,-1,0.06666666666666667,0.12,-0.13066666666666668
CUST_798,33,Female,Delhi,3,Seasonal,1,93,72,-1,0.1,0.93,0.329
CUST_799,69,Female,Chennai,9,Seasonal,0,73,69,-1,0.3,0.73,0.569
CUST_800,28,Male,Delhi,1,Personal,2,39,76,-1,0.03333333333333333,0.39,-0.06633333333333336
CUST_801,48,Female,Delhi,30,Personal,2,99,13,-1,1.0,0.99,0.597
CUST_802,24,Male,Mumbai,2,Business,1,97,38,-1,0.06666666666666667,0.97,0.3243333333333333
CUST_803,30,Female,Delhi,3,Seasonal,1,78,30,-1,0.1,0.78,0.284
CUST_804,62,Male,Mumbai,26,Business,1,42,56,-1,0.8666666666666667,0.42,0.5593333333333333
CUST_805,31,Male,Delhi,27,Personal,2,34,49,-1,0.9,0.34,0.35200000000000004
CUST_806,46,Male,Hyderabad,28,Business,2,38,21,-1,0.9333333333333333,0.38,0.38066666666666665
CUST_807,19,Male,Mumbai,1,Personal,1,91,65,-1,0.03333333333333333,0.91,0.2896666666666667
CUST_808,26,Male,Hyderabad,1,Seasonal,1,94,27,-1,0.03333333333333333,0.94,0.29866666666666664
CUST_809,33,Female,Hyderabad,27,Business,1,45,67,-1,0.9,0.45,0.585
CUST_810,26,Female,Delhi,2,Seasonal,2,30,67,-1,0.06666666666666667,0.3,-0.07666666666666669
CUST_811,65,Male,Pune,1,Personal,2,22,40,-1,0.03333333333333333,0.22,-0.11733333333333335
CUST_812,39,Female,Mumbai,1,Business,0,51,59,-1,0.03333333333333333,0.51,0.3696666666666667
CUST_813,42,Male,Mumbai,30,Personal,1,61,85,-1,1.0,0.61,0.683
CUST_814,61,Female,Chennai,12,Business,0,96,47,-1,0.4,0.96,0.688
CUST_815,25,Male,Hyderabad,27,Personal,2,19,48,-1,0.9,0.19,0.307
CUST_816,61,Female,Pune,0,Seasonal,0,42,36,-1,0.0,0.42,0.326
CUST_817,27,Female,Pune,1,Personal,1,26,35,-1,0.03333333333333333,0.26,0.09466666666666666
CUST_818,59,Female,Hyderabad,1,Personal,0,33,42,-1,0.03333333333333333,0.33,0.31566666666666665
CUST_819,59,Male,Pune,2,Personal,1,17,82,-1,0.06666666666666667,0.17,0.08433333333333334
CUST_820,50,Male,Hyderabad,9,Personal,1,19,37,-1,0.3,0.19,0.207
CUST_821,26,Male,Hyderabad,1,Business,0,65,72,-1,0.03333333333333333,0.65,0.4116666666666667
CUST_822,65,Female,Hyderabad,1,Business,0,17,74,-1,0.03333333333333333,0.17,0.26766666666666666
CUST_823,51,Female,Chennai,25,Business,2,49,79,-1,0.8333333333333334,0.49,0.36366666666666664
CUST_824,29,Male,Hyderabad,2,Seasonal,1,72,84,-1,0.06666666666666667,0.72,0.24933333333333332
CUST_825,19,Female,Hyderabad,2,Personal,0,99,54,-1,0.06666666666666667,0.99,0.5303333333333333
CUST_826,36,Female,Mumbai,2,Seasonal,0,99,64,-1,0.06666666666666667,0.99,0.5303333333333333
CUST_827,44,Female,Chennai,26,Personal,2,30,73,-1,0.8666666666666667,0.3,0.3233333333333333
CUST_828,19,Female,Delhi,12,Personal,1,93,39,-1,0.4,0.93,0.47900000000000004
CUST_829,36,Male,Delhi,10,Personal,2,54,48,-1,0.3333333333333333,0.54,0.12866666666666665
CUST_830,31,Male,Hyderabad,2,Personal,1,24,32,-1,0.06666666666666667,0.24,0.10533333333333333
CUST_831,58,Male,Chennai,1,Seasonal,0,13,88,-1,0.03333333333333333,0.13,0.2556666666666667
CUST_832,67,Male,Chennai,0,Personal,2,31,26,-1,0.0,0.31,-0.10700000000000001
CUST_833,32,Male,Mumbai,11,Personal,0,76,12,-1,0.36666666666666664,0.76,0.6113333333333333
CUST_834,34,Female,Hyderabad,2,Seasonal,1,20,14,-1,0.06666666666666667,0.2,0.09333333333333332
CUST_835,23,Female,Delhi,30,Business,0,33,77,-1,1.0,0.33,0.7989999999999999
CUST_836,57,Male,Hyderabad,9,Seasonal,0,16,17,-1,0.3,0.16,0.398
CUST_837,39,Male,Mumbai,27,Business,1,28,84,-1,0.9,0.28,0.534
CUST_838,52,Male,Mumbai,30,Personal,0,52,82,-1,1.0,0.52,0.8560000000000001
CUST_839,45,Male,Chennai,2,Personal,2,61,34,-1,0.06666666666666667,0.61,0.01633333333333331
CUST_840,21,Male,Chennai,28,Business,0,11,17,-1,0.9333333333333333,0.11,0.6996666666666667
CUST_841,31,Female,Chennai,1,Personal,0,63,20,-1,0.03333333333333333,0.63,0.4056666666666667
CUST_842,30,Male,Hyderabad,0,Seasonal,2,30,65,-1,0.0,0.3,-0.11000000000000001
CUST_843,37,Male,Pune,25,Business,0,93,5,-1,0.8333333333333334,0.93,0.8956666666666666
CUST_844,49,Female,Delhi,1,Business,1,19,87,-1,0.03333333333333333,0.19,0.07366666666666666
CUST_845,35,Male,Delhi,1,Personal,2,46,73,-1,0.03333333333333333,0.46,-0.04533333333333334
CUST_846,66,Male,Chennai,11,Personal,2,79,36,-1,0.36666666666666664,0.79,0.22033333333333333
CUST_847,53,Female,Hyderabad,0,Seasonal,0,25,66,-1,0.0,0.25,0.275
CUST_848,44,Male,Delhi,1,Seasonal,1,86,57,-1,0.03333333333333333,0.86,0.27466666666666667
CUST_849,63,Male,Delhi,26,Personal,2,80,80,-1,0.8666666666666667,0.8,0.47333333333333333
CUST_850,43,Male,Hyderabad,3,Business,0,48,9,-1,0.1,0.48,0.394
CUST_851,41,Male,Hyderabad,9,Personal,1,32,62,-1,0.3,0.32,0.246
CUST_852,61,Female,Hyderabad,26,Personal,0,82,40,-1,0.8666666666666667,0.82,0.8793333333333333
CUST_853,52,Male,Delhi,0,Business,2,13,77,-1,0.0,0.13,-0.161
CUST_854,28,Male,Delhi,0,Business,2,96,77,-1,0.0,0.96,0.08799999999999997
CUST_855,32,Female,Hyderabad,2,Seasonal,1,48,65,-1,0.06666666666666667,0.48,0.17733333333333332
CUST_856,33,Male,Chennai,27,Personal,2,49,9,-1,0.9,0.49,0.39699999999999996
CUST_857,27,Female,Mumbai,1,Seasonal,1,62,29,-1,0.03333333333333333,0.62,0.20266666666666666
CUST_858,55,Male,Chennai,10,Personal,2,71,87,-1,0.3333333333333333,0.71,0.17966666666666664
CUST_859,18,Female,Hyderabad,0,Business,1,63,84,-1,0.0,0.63,0.189
CUST_860,36,Male,Chennai,28,Seasonal,0,91,84,-1,0.9333333333333333,0.91,0.9396666666666667
CUST_861,19,Male,Mumbai,1,Seasonal,0,65,30,-1,0.03333333333333333,0.65,0.4116666666666667
CUST_862,66,Male,Chennai,12,Personal,2,64,63,-1,0.4,0.64,0.192
CUST_863,69,Female,Delhi,8,Seasonal,2,52,89,-1,0.26666666666666666,0.52,0.08933333333333332
CUST_864,65,Female,Mumbai,29,Seasonal,1,44,35,-1,0.9666666666666667,0.44,0.6153333333333333
CUST_865,36,Male,Pune,12,Seasonal,1,49,12,-1,0.4,0.49,0.347
CUST_866,39,Female,Chennai,1,Personal,2,76,22,-1,0.03333333333333333,0.76,0.04466666666666663
CUST_867,26,Male,Delhi,9,Personal,0,87,39,-1,0.3,0.87,0.611
CUST_868,31,Male,Mumbai,12,Seasonal,1,76,66,-1,0.4,0.76,0.428
CUST_869,39,Female,Chennai,28,Personal,0,35,41,-1,0.9333333333333333,0.35,0.7716666666666667
CUST_870,46,Male,Delhi,26,Personal,0,55,68,-1,0.8666666666666667,0.55,0.7983333333333333
CUST_871,43,Male,Hyderabad,1,Personal,1,70,84,-1,0.03333333333333333,0.7,0.22666666666666666
CUST_872,48,Male,Pune,1,Seasonal,0,21,68,-1,0.03333333333333333,0.21,0.2796666666666667
CUST_873,67,Female,Delhi,1,Seasonal,0,28,44,-1,0.03333333333333333,0.28,0.3006666666666667
CUST_874,22,Female,Hyderabad,1,Seasonal,0,47,86,-1,0.03333333333333333,0.47,0.3576666666666667
CUST_875,22,Female,Hyderabad,12,Seasonal,0,45,65,-1,0.4,0.45,0.535
CUST_876,38,Male,Mumbai,10,Personal,0,59,24,-1,0.3333333333333333,0.59,0.5436666666666667
CUST_877,31,Female,Chennai,30,Business,2,70,65,-1,1.0,0.7,0.51
CUST_878,25,Male,Chennai,25,Business,0,47,55,-1,0.8333333333333334,0.47,0.7576666666666667
CUST_879,40,Male,Chennai,1,Business,1,22,19,-1,0.03333333333333333,0.22,0.08266666666666667
CUST_880,53,Female,Chennai,1,Business,1,48,35,-1,0.03333333333333333,0.48,0.16066666666666665
CUST_881,22,Male,Mumbai,1,Business,0,23,55,-1,0.03333333333333333,0.23,0.2856666666666667
CUST_882,68,Female,Hyderabad,30,Personal,0,33,12,-1,1.0,0.33,0.7989999999999999
CUST_883,33,Female,Chennai,9,Seasonal,1,39,25,-1,0.3,0.39,0.267
CUST_884,47,Female,Delhi,8,Seasonal,1,54,45,-1,0.26666666666666666,0.54,0.29533333333333334
CUST_885,45,Female,Chennai,30,Business,1,36,47,-1,1.0,0.36,0.608
CUST_886,54,Male,Chennai,1,Personal,1,69,7,-1,0.03333333333333333,0.69,0.22366666666666665
CUST_887,52,Female,Pune,1,Seasonal,1,67,27,-1,0.03333333333333333,0.67,0.21766666666666667
CUST_888,23,Male,Chennai,0,Personal,1,18,88,-1,0.0,0.18,0.054
CUST_889,37,Male,Delhi,8,Business,2,19,57,-1,0.26666666666666666,0.19,-0.009666666666666685
CUST_890,49,Female,Pune,28,Seasonal,1,25,83,-1,0.9333333333333333,0.25,0.5416666666666666
CUST_891,54,Male,Hyderabad,25,Seasonal,1,63,21,-1,0.8333333333333334,0.63,0.6056666666666667
CUST_892,35,Male,Chennai,10,Business,0,47,68,-1,0.3333333333333333,0.47,0.5076666666666667
CUST_893,42,Male,Mumbai,27,Seasonal,0,18,73,-1,0.9,0.18,0.704
CUST_894,57,Female,Hyderabad,10,Personal,2,45,87,-1,0.3333333333333333,0.45,0.10166666666666663
CUST_895,56,Female,Pune,0,Personal,1,27,65,-1,0.0,0.27,0.081
CUST_896,37,Female,Chennai,1,Business,0,93,24,-1,0.03333333333333333,0.93,0.4956666666666667
CUST_897,25,Female,Chennai,1,Seasonal,2,63,39,-1,0.03333333333333333,0.63,0.005666666666666653
CUST_898,46,Male,Mumbai,0,Business,2,57,60,-1,0.0,0.57,-0.029000000000000026
CUST_899,59,Female,Delhi,0,Seasonal,2,68,75,-1,0.0,0.68,0.0040000000000000036
CUST_900,52,Male,Mumbai,2,Seasonal,0,54,28,-1,0.06666666666666667,0.54,0.3953333333333333
CUST_901,24,Male,Pune,10,Personal,2,81,86,-1,0.3333333333333333,0.81,0.2096666666666666
CUST_902,37,Female,Hyderabad,1,Business,0,20,63,-1,0.03333333333333333,0.2,0.27666666666666667
CUST_903,33,Male,Pune,29,Business,2,40,24,-1,0.9666666666666667,0.4,0.40333333333333327
CUST_904,64,Male,Chennai,10,Personal,2,70,34,-1,0.3333333333333333,0.7,0.17666666666666664
CUST_905,53,Male,Mumbai,2,Personal,2,26,59,-1,0.06666666666666667,0.26,-0.08866666666666667
CUST_906,66,Male,Chennai,1,Business,2,83,56,-1,0.03333333333333333,0.83,0.06566666666666665
CUST_907,60,Male,Chennai,3,Personal,0,43,9,-1,0.1,0.43,0.379
CUST_908,22,Female,Chennai,30,Business,1,38,57,-1,1.0,0.38,0.614
CUST_909,43,Male,Pune,1,Personal,0,12,52,-1,0.03333333333333333,0.12,0.2526666666666667
CUST_910,18,Female,Delhi,2,Seasonal,1,62,36,-1,0.06666666666666667,0.62,0.21933333333333332
CUST_911,46,Male,Delhi,27,Business,2,86,52,-1,0.9,0.86,0.508
CUST_912,48,Female,Chennai,29,Seasonal,1,58,8,-1,0.9666666666666667,0.58,0.6573333333333333
CUST_913,18,Female,Delhi,10,Personal,1,92,83,-1,0.3333333333333333,0.92,0.44266666666666665
CUST_914,46,Male,Chennai,29,Business,0,21,74,-1,0.9666666666666667,0.21,0.7463333333333333
CUST_915,24,Male,Chennai,0,Seasonal,0,44,67,-1,0.0,0.44,0.332
CUST_916,21,Female,Hyderabad,1,Seasonal,2,81,44,-1,0.03333333333333333,0.81,0.059666666666666646
CUST_917,66,Male,Chennai,27,Personal,2,92,33,-1,0.9,0.92,0.526
CUST_918,52,Male,Mumbai,25,Seasonal,0,35,15,-1,0.8333333333333334,0.35,0.7216666666666667
CUST_919,32,Female,Pune,1,Seasonal,1,19,33,-1,0.03333333333333333,0.19,0.07366666666666666
CUST_920,60,Male,Delhi,2,Seasonal,1,44,32,-1,0.06666666666666667,0.44,0.16533333333333333
CUST_921,66,Female,Mumbai,2,Seasonal,0,69,61,-1,0.06666666666666667,0.69,0.44033333333333335
CUST_922,54,Female,Mumbai,2,Business,0,85,19,-1,0.06666666666666667,0.85,0.48833333333333334
CUST_923,50,Female,Mumbai,0,Seasonal,2,38,66,-1,0.0,0.38,-0.08600000000000002
CUST_924,46,Female,Chennai,8,Business,2,13,20,-1,0.26666666666666666,0.13,-0.027666666666666673
CUST_925,62,Female,Mumbai,30,Seasonal,1,97,50,-1,1.0,0.97,0.7909999999999999
CUST_926,54,Female,Mumbai,1,Business,1,84,9,-1,0.03333333333333333,0.84,0.26866666666666666
CUST_927,64,Male,Chennai,0,Personal,0,35,81,-1,0.0,0.35,0.305
CUST_928,42,Female,Chennai,12,Seasonal,1,64,58,-1,0.4,0.64,0.392
CUST_929,69,Male,Hyderabad,1,Business,2,25,50,-1,0.03333333333333333,0.25,-0.10833333333333335
CUST_930,44,Female,Chennai,10,Personal,1,30,30,-1,0.3333333333333333,0.3,0.25666666666666665
CUST_931,23,Male,Chennai,28,Personal,0,90,86,-1,0.9333333333333333,0.9,0.9366666666666668
CUST_932,43,Male,Mumbai,1,Business,0,10,76,-1,0.03333333333333333,0.1,0.24666666666666667
CUST_933,38,Female,Pune,3,Business,2,28,19,-1,0.1,0.28,-0.066
CUST_934,36,Male,Pune,30,Seasonal,2,37,16,-1,1.0,0.37,0.411
CUST_935,60,Female,Pune,10,Business,0,35,34,-1,0.3333333333333333,0.35,0.4716666666666667
CUST_936,42,Male,Hyderabad,29,Personal,0,50,46,-1,0.9666666666666667,0.5,0.8333333333333333
CUST_937,30,Male,Hyderabad,0,Personal,0,54,39,-1,0.0,0.54,0.362
CUST_938,52,Male,Delhi,27,Business,1,98,7,-1,0.9,0.98,0.744
CUST_939,63,Male,Pune,1,Personal,1,47,18,-1,0.03333333333333333,0.47,0.15766666666666665
CUST_940,31,Female,Hyderabad,28,Personal,0,80,64,-1,0.9333333333333333,0.8,0.9066666666666667
CUST_941,31,Male,Mumbai,10,Seasonal,2,50,76,-1,0.3333333333333333,0.5,0.11666666666666664
CUST_942,37,Female,Delhi,3,Business,0,72,17,-1,0.1,0.72,0.466
CUST_943,63,Male,Hyderabad,1,Personal,2,18,48,-1,0.03333333333333333,0.18,-0.12933333333333336
CUST_944,25,Female,Hyderabad,2,Personal,1,16,13,-1,0.06666666666666667,0.16,0.08133333333333334
CUST_945,51,Male,Pune,0,Seasonal,2,92,19,-1,0.0,0.92,0.07600000000000001
CUST_946,31,Female,Mumbai,28,Seasonal,0,70,62,-1,0.9333333333333333,0.7,0.8766666666666667
CUST_947,65,Female,Delhi,1,Seasonal,1,24,46,-1,0.03333333333333333,0.24,0.08866666666666666
CUST_948,39,Male,Delhi,2,Seasonal,1,65,39,-1,0.06666666666666667,0.65,0.22833333333333333
CUST_949,20,Male,Pune,12,Seasonal,1,71,6,-1,0.4,0.71,0.41300000000000003
CUST_950,18,Male,Mumbai,2,Seasonal,0,27,77,-1,0.06666666666666667,0.27,0.31433333333333335
CUST_951,31,Female,Delhi,2,Seasonal,1,65,36,-1,0.06666666666666667,0.65,0.22833333333333333
CUST_952,34,Male,Pune,10,Business,0,13,32,-1,0.3333333333333333,0.13,0.4056666666666667
CUST_953,57,Male,Chennai,9,Business,1,57,30,-1,0.3,0.57,0.32099999999999995
CUST_954,61,Male,Chennai,25,Business,1,78,21,-1,0.8333333333333334,0.78,0.6506666666666667
CUST_955,63,Female,Chennai,27,Seasonal,1,43,31,-1,0.9,0.43,0.579
CUST_956,54,Male,Delhi,9,Business,1,11,67,-1,0.3,0.11,0.183
CUST_957,63,Female,Hyderabad,1,Personal,2,16,65,-1,0.03333333333333333,0.16,-0.13533333333333336
CUST_958,48,Male,Delhi,10,Personal,0,98,65,-1,0.3333333333333333,0.98,0.6606666666666667
CUST_959,36,Female,Hyderabad,8,Seasonal,1,65,73,-1,0.26666666666666666,0.65,0.32833333333333337
CUST_960,55,Male,Chennai,2,Seasonal,0,26,19,-1,0.06666666666666667,0.26,0.31133333333333335
CUST_961,45,Male,Chennai,27,Personal,1,31,77,-1,0.9,0.31,0.543
CUST_962,26,Female,Mumbai,26,Personal,1,88,9,-1,0.8666666666666667,0.88,0.6973333333333334
CUST_963,51,Female,Chennai,2,Business,1,93,25,-1,0.06666666666666667,0.93,0.31233333333333335
CUST_964,39,Female,Delhi,1,Business,2,94,79,-1,0.03333333333333333,0.94,0.09866666666666662
CUST_965,50,Male,Pune,1,Personal,1,97,68,-1,0.03333333333333333,0.97,0.30766666666666664
CUST_966,47,Male,Mumbai,1,Business,1,76,87,-1,0.03333333333333333,0.76,0.24466666666666664
CUST_967,29,Female,Hyderabad,28,Personal,2,94,85,-1,0.9333333333333333,0.94,0.5486666666666666
CUST_968,62,Female,Hyderabad,30,Business,0,86,5,-1,1.0,0.86,0.958
CUST_969,36,Male,Chennai,9,Business,1,28,36,-1,0.3,0.28,0.23399999999999999
CUST_970,50,Female,Chennai,9,Business,1,51,28,-1,0.3,0.51,0.303
CUST_971,47,Female,Hyderabad,2,Personal,0,71,77,-1,0.06666666666666667,0.71,0.44633333333333336
CUST_972,49,Male,Hyderabad,3,Personal,0,55,86,-1,0.1,0.55,0.41500000000000004
CUST_973,23,Male,Mumbai,0,Business,1,47,86,-1,0.0,0.47,0.141
CUST_974,68,Male,Delhi,26,Personal,1,32,79,-1,0.8666666666666667,0.32,0.5293333333333333
CUST_975,50,Female,Mumbai,28,Seasonal,1,33,30,-1,0.9333333333333333,0.33,0.5656666666666667
CUST_976,24,Female,Delhi,26,Seasonal,2,52,32,-1,0.8666666666666667,0.52,0.38933333333333336
CUST_977,55,Male,Mumbai,1,Business,2,71,43,-1,0.03333333333333333,0.71,0.029666666666666647
CUST_978,27,Female,Mumbai,0,Personal,2,96,5,-1,0.0,0.96,0.08799999999999997
CUST_979,56,Female,Hyderabad,26,Personal,1,93,87,-1,0.8666666666666667,0.93,0.7123333333333334
CUST_980,51,Female,Mumbai,0,Seasonal,2,43,39,-1,0.0,0.43,-0.07100000000000001
CUST_981,41,Male,Pune,2,Business,2,16,81,-1,0.06666666666666667,0.16,-0.11866666666666667
CUST_982,22,Male,Hyderabad,2,Business,2,97,7,-1,0.06666666666666667,0.97,0.1243333333333333
CUST_983,54,Female,Mumbai,2,Personal,2,58,33,-1,0.06666666666666667,0.58,0.007333333333333303
CUST_984,24,Male,Delhi,1,Personal,1,98,72,-1,0.03333333333333333,0.98,0.31066666666666665
CUST_985,32,Female,Delhi,11,Business,0,84,22,-1,0.36666666666666664,0.84,0.6353333333333333
CUST_986,54,Male,Chennai,1,Personal,1,81,49,-1,0.03333333333333333,0.81,0.25966666666666666
CUST_987,22,Female,Hyderabad,1,Seasonal,2,48,22,-1,0.03333333333333333,0.48,-0.03933333333333336
CUST_988,18,Male,Delhi,2,Seasonal,0,31,70,-1,0.06666666666666667,0.31,0.32633333333333336
CUST_989,50,Male,Hyderabad,29,Business,0,12,85,-1,0.9666666666666667,0.12,0.7193333333333334
CUST_990,68,Female,Chennai,1,Seasonal,0,11,81,-1,0.03333333333333333,0.11,0.24966666666666668
CUST_991,18,Male,Mumbai,28,Personal,1,27,47,-1,0.9333333333333333,0.27,0.5476666666666666
CUST_992,33,Male,Mumbai,1,Business,0,75,45,-1,0.03333333333333333,0.75,0.44166666666666665
CUST_993,61,Female,Pune,12,Business,0,47,17,-1,0.4,0.47,0.5409999999999999
CUST_994,52,Male,Hyderabad,28,Business,2,60,78,-1,0.9333333333333333,0.6,0.4466666666666667
CUST_995,24,Female,Chennai,29,Seasonal,1,76,56,-1,0.9666666666666667,0.76,0.7113333333333334
CUST_996,55,Female,Chennai,2,Personal,0,18,75,-1,0.06666666666666667,0.18,0.28733333333333333
CUST_997,53,Female,Pune,0,Personal,0,60,19,-1,0.0,0.6,0.38
CUST_998,25,Male,Delhi,1,Personal,1,16,35,-1,0.03333333333333333,0.16,0.06466666666666666
CUST_999,39,Female,Mumbai,11,Business,1,37,22,-1,0.36666666666666664,0.37,0.29433333333333334
CUST_1000,34,Male,Hyderabad,8,Personal,2,96,61,-1,0.26666666666666666,0.96,0.22133333333333333
